28-dic-17;29.17;29.6
27-dic-17;29.58;29.705
22-dic-17;29.615;29.66
21-dic-17;29.93;29.54
20-dic-17;29.53;29.86
19-dic-17;29.805;29.955
18-dic-17;30.01;30.225
14-dic-17;30.72;31.4
13-dic-17;31.295;32
12-dic-17;30.765;31.23
11-dic-17;31.15;31.22
08-dic-17;31.075;31.28
07-dic-17;30.97;30.73
06-dic-17;30.605;30.2
05-dic-17;30.38;30.43
04-dic-17;30.575;29.825
01-dic-17;29.57;29.74
30-nov-17;29.74;29.745
29-nov-17;29.775;29.96
28-nov-17;29.84;29.655
27-nov-17;29.6;29.385
24-nov-17;29.475;29.22
23-nov-17;29.275;29.25
22-nov-17;29.28;29.33
21-nov-17;29.36;29.525
20-nov-17;29.5;29.25
17-nov-17;29.265;29
16-nov-17;29.755;29.36
15-nov-17;29.19;29.39
14-nov-17;29.385;29.41
13-nov-17;29.335;29.65
10-nov-17;29.555;29.775
09-nov-17;29.73;30.055
08-nov-17;30.1;29.96
07-nov-17;29.96;30.89
06-nov-17;30.885;31.05
03-nov-17;31.15;31.3
02-nov-17;31.2;31.48
01-nov-17;31.47;32.305
31-oct-17;32.095;31.99
30-oct-17;32.185;31.51
27-oct-17;31.26;31.52
26-oct-17;31.48;30.715
25-oct-17;30.6;30.91
24-oct-17;30.92;30.95
23-oct-17;30.95;30.97
20-oct-17;30.99;31.04
19-oct-17;30.895;31.3
18-oct-17;31.26;31.565
17-oct-17;31.445;31.05
16-oct-17;31.12;31.17
13-oct-17;31.18;31.4
12-oct-17;31.4;31.475
11-oct-17;31.4;31.23
10-oct-17;31;31.3
09-oct-17;31.3;31.245
06-oct-17;30.945;31.19
05-oct-17;31.24;30.725
04-oct-17;30.655;31.28
03-oct-17;31.31;31.465
02-oct-17;31.47;31.74
29-sep-17;31.885;31.805
28-sep-17;31.71;31.6
27-sep-17;31.585;31.625
26-sep-17;31.515;31.565
25-sep-17;31.525;31.58
22-sep-17;31.91;32.00
21-sep-17;31.995;32.49
20-sep-17;32.41;32.2
19-sep-17;32.685;31.985
18-sep-17;32.535;32.685
15-sep-17;32.65;32.35
14-sep-17;32.345;32.29
13-sep-17;32.175;31.955
12-sep-17;32.05;31.67
11-sep-17;31.45;31.115
08-sep-17;30.895;31.105
07-sep-17;31.115;31.345
06-sep-17;31.2;31.03
05-sep-17;31.165;31.4
04-sep-17;31.545;31.625
01-sep-17;31.85;32.015
31-ago-17;31.915;33.05
30-ago-17;33.105;33.385
29-ago-17;33.225;33
28-ago-17;33.005;33.26
25-ago-17;33.41;33.35
24-ago-17;33.445;33.58
23-ago-17;33.44;33.67
22-ago-17;33.665;33.81
21-ago-17;33.61;33.45
18-ago-17;33.445;33.535
17-ago-17;33.77;33.8
16-ago-17;33.76;33.79
15-ago-17;33.59;33.505
14-ago-17;33.43;33.205
11-ago-17;33.17;33.4
10-ago-17;33.595;34.04
09-ago-17;34.04;34.125
08-ago-17;34.355;33.875
07-ago-17;33.955;34.13
04-ago-17;33.96;33.6
03-ago-17;33.68;33.75
02-ago-17;33.75;33.88
01-ago-17;33.88;34.03
31-jul-17;33.59;33.6
28-jul-17;33.5;33.5
27-jul-17;33.745;33.485
26-jul-17;33.62;33.39
25-jul-17;33.39;33.72
24-jul-17;33.645;33.625
21-jul-17;33.625;33.96
20-jul-17;34.17;34.22
19-jul-17;34.22;33.81
18-jul-17;33.72;34.4
17-jul-17;34.55;34.32
14-jul-17;34.2;34.16
13-jul-17;34.05;33.9
12-jul-17;33.79;33.35
11-jul-17;33.34;33.89
10-jul-17;33.745;33.675
07-jul-17;33.635;33.735
06-jul-17;33.535;34.045
05-jul-17;33.89;33.825
04-jul-17;33.795;33.72
03-jul-17;33.84;33.705
30-jun-17;33.61;33.99
29-jun-17;33.92;34.73
28-jun-17;34.535;34.725
27-jun-17;34.825;34.87
26-jun-17;34.935;35.015
23-jun-17;34.86;35.065
22-jun-17;35.07;34.885
21-jun-17;35.02;35.155
20-jun-17;35.155;35.695
19-jun-17;35.555;35.485
16-jun-17;35.21;34.97
15-jun-17;34.97;35.15
14-jun-17;35.215;35.16
13-jun-17;35.86;35.745
12-jun-17;35.795;36.285
09-jun-17;36.405;36.58
08-jun-17;36.425;36.185
07-jun-17;36.195;36.37
06-jun-17;36.655;36.81
05-jun-17;36.63;36.87
02-jun-17;36.665;36.6
01-jun-17;36.31;36.525
31-may-17;36.395;36.31
30-may-17;36.335;35.885
29-may-17;35.975;36.26
26-may-17;36.27;35.99
25-may-17;35.975;36.28
24-may-17;36.095;36.2
23-may-17;36.175;36.335
22-may-17;36.34;36.13
19-may-17;35.935;35.885
18-may-17;35.905;36.075
17-may-17;36.005;36.375
16-may-17;36.46;36.35
15-may-17;36.285;36.43
12-may-17;36.43;35.85
11-may-17;35.85;36.55
10-may-17;36.505;36.6
09-may-17;36.535;36.23
08-may-17;36.085;36.355
05-may-17;36.315;36.22
04-may-17;36.18;35.9
03-may-17;35.71;35.28
02-may-17;35.435;35.28
28-abr-17;35.21;34.865
27-abr-17;34.83;34.7
26-abr-17;34.96;35.02
25-abr-17;35.15;35.195
24-abr-17;35.015;35.115
21-abr-17;34.19;34.08
20-abr-17;34.215;34.25
19-abr-17;34.405;34.17
18-abr-17;34.17;34.5
13-abr-17;34.325;33.915
12-abr-17;33.895;34.02
11-abr-17;33.95;33.715
10-abr-17;33.85;33.79
07-abr-17;33.92;33.715
06-abr-17;33.68;33.05
05-abr-17;32.88;33.2
04-abr-17;33.055;32.735
03-abr-17;32.735;33.04
31-mar-17;33.04;32.47
30-mar-17;32.55;32.75
29-mar-17;32.685;32.665
28-mar-17;32.51;32.61
27-mar-17;32.555;32.15
24-mar-17;32.35;32.43
23-mar-17;32.505;31.885
22-mar-17;31.81;31.805
21-mar-17;32.005;32.085
20-mar-17;32.035;31.9
17-mar-17;31.905;31.9
16-mar-17;31.68;31.65
15-mar-17;31.405;31.65
14-mar-17;31.39;31.2
13-mar-17;31.28;31.5
10-mar-17;31.435;31.75
09-mar-17;31.58;31.08
08-mar-17;30.93;30.43
07-mar-17;30.51;30.765
06-mar-17;30.6;30.61
03-mar-17;30.63;30.6
02-mar-17;30.6;30.93
01-mar-17;30.89;30.56
28-feb-17;30.32;30.065
27-feb-17;29.95;30.325
24-feb-17;30.205;30.44
23-feb-17;30.465;30.735
22-feb-17;30.725;30.96
21-feb-17;31.015;31.04
20-feb-17;30.955;31.25
17-feb-17;31.02;31.155
16-feb-17;31.175;31.4
15-feb-17;31.335;31.3
14-feb-17;31.275;31.38
13-feb-17;31.335;31.255
10-feb-17;31.14;31.29
09-feb-17;31.12;30.945
08-feb-17;30.86;30.955
07-feb-17;30.885;30.54
06-feb-17;30.565;30.7
03-feb-17;30.725;30.645
02-feb-17;30.535;30.4
01-feb-17;30.53;30.855
31-ene-17;30.535;30.75
30-ene-17;30.645;30.84
27-ene-17;30.85;30.975
26-ene-17;30.84;31.26
25-ene-17;31.12;31.2
24-ene-17;31.02;31.175
23-ene-17;31.065;31
20-ene-17;31;31.25
19-ene-17;31.225;31.39
18-ene-17;31.35;31.445
17-ene-17;31.395;31.5
16-ene-17;31.585;31.72
13-ene-17;31.93;31.735
12-ene-17;31.62;31.3
11-ene-17;31.38;31.675
10-ene-17;31.63;31.94
09-ene-17;31.865;31.755
06-ene-17;31.675;31.48
05-ene-17;31.45;31.85
04-ene-17;31.97;32.31
03-ene-17;32.275;32.7
02-ene-17;32.6;32.425
30-dic-16;32.43;32.245
29-dic-16;32.35;32.2
28-dic-16;32.395;32.265
27-dic-16;32.245;32.2
23-dic-16;32.19;32.125
22-dic-16;32.13;32.015
21-dic-16;32.02;32.03
20-dic-16;32.115;32.055
19-dic-16;32.07;32.355
16-dic-16;32.45;32
15-dic-16;32.015;32.19
14-dic-16;32;33.02
13-dic-16;32.99;32.125
12-dic-16;32.235;32.185
09-dic-16;32.305;31.92
08-dic-16;31.9;32.43
07-dic-16;32.225;32.45
06-dic-16;32.295;32.09
05-dic-16;31.98;31.5
02-dic-16;31.64;31.555
01-dic-16;31.795;32.15
30-nov-16;32.275;32.33
29-nov-16;32.455;32.37
28-nov-16;32.24;32.17
25-nov-16;32.395;32.05
24-nov-16;32.05;31.42
23-nov-16;31.215;31.51
22-nov-16;31.395;31.68
21-nov-16;31.44;31.67
18-nov-16;31.49;31.515
17-nov-16;31.45;31.045
16-nov-16;31.06;31.225
15-nov-16;31.285;31.135
14-nov-16;30.905;30.875
11-nov-16;30.49;30.465
10-nov-16;30.485;31.4
09-nov-16;31.175;30.425
08-nov-16;31.175;31.095
07-nov-16;31.065;31.22
04-nov-16;30.76;31.09
03-nov-16;31.12;31.3
02-nov-16;31.29;31.485
01-nov-16;31.61;32.15
31-oct-16;31.845;32.07
28-oct-16;32.335;32.5
27-oct-16;32.65;32.765
26-oct-16;32.735;32.57
25-oct-16;32.57;32.865
24-oct-16;32.93;33.31
21-oct-16;33.225;32.91
20-oct-16;32.925;32.745
19-oct-16;32.6;32.385
18-oct-16;32.22;32.25
17-oct-16;32.04;32.175
14-oct-16;32.4;32.06
13-oct-16;31.975;32
12-oct-16;32.16;32.44
11-oct-16;32.345;32.65
10-oct-16;32.655;32.18
07-oct-16;32.055;32.72
06-oct-16;32.73;33
05-oct-16;32.855;32.6
04-oct-16;32.915;32.83
03-oct-16;32.765;32.88
30-sep-16;33;32.89
29-sep-16;33.125;33.305
28-sep-16;33.055;33.16
27-sep-16;32.98;33.045
26-sep-16;32.815;32.815
23-sep-16;32.96;33.295
22-sep-16;33.37;32.6
21-sep-16;32.165;33.155
20-sep-16;32.68;32.32
19-sep-16;32.39;32
16-sep-16;31.745;31.95
15-sep-16;31.925;31.76
14-sep-16;31.825;31.94
13-sep-16;31.62;32.1
12-sep-16;31.995;31.895
09-sep-16;32.255;32.645
08-sep-16;32.885;33.15
07-sep-16;33.105;32.5
06-sep-16;32.295;32.5
05-sep-16;32.395;32.45
02-sep-16;32.37;31.85
01-sep-16;31.81;31.9
31-ago-16;31.765;31.83
30-ago-16;31.875;31.765
29-ago-16;31.7;31.65
26-ago-16;31.83;31.78
25-ago-16;31.71;31.915
24-ago-16;32.07;31.68
23-ago-16;31.955;31.5
22-ago-16;31.145;31.285
19-ago-16;31.365;31.505
18-ago-16;31.42;31.04
17-ago-16;30.93;31.365
16-ago-16;31.195;31.935
15-ago-16;31.95;31.89
12-ago-16;31.93;31.98
11-ago-16;32;32
10-ago-16;31.815;31.865
09-ago-16;32.115;31.45
08-ago-16;31.625;32.06
05-ago-16;32.06;31.145
04-ago-16;30.845;30.65
03-ago-16;30.57;30.645
02-ago-16;30.61;31.17
01-ago-16;31.15;31.125
29-jul-16;30.94;30.685
28-jul-16;30.645;30.87
27-jul-16;30.875;30.905
26-jul-16;30.9;31
25-jul-16;30.98;30.94
22-jul-16;30.925;30.665
21-jul-16;30.755;30.965
20-jul-16;30.98;30.98
19-jul-16;30.72;30.74
18-jul-16;30.75;30.81
15-jul-16;30.725;30.875
14-jul-16;30.87;31.12
13-jul-16;30.93;30.77
12-jul-16;30.93;30.46
11-jul-16;30.4;30.015
08-jul-16;29.795;29.395
07-jul-16;29.5;29.71
06-jul-16;29.515;29.715
05-jul-16;29.81;29.88
04-jul-16;30.005;30.195
01-jul-16;29.985;30.13
30-jun-16;29.91;29.75
29-jun-16;29.81;29.2
28-jun-16;28.92;29.075
27-jun-16;28.415;28.825
24-jun-16;28.9;27.585
23-jun-16;31.01;30.735
22-jun-16;30.445;30.45
21-jun-16;30.37;30.075
20-jun-16;30.13;29.89
17-jun-16;29.265;29.77
16-jun-16;29.7;29.55
15-jun-16;29.52;28.63
14-jun-16;27.98;28.245
13-jun-16;28.485;28.525
10-jun-16;28.91;29.5
09-jun-16;29.555;29.6
08-jun-16;29.675;29.6
07-jun-16;29.745;29.81
06-jun-16;29.77;29.875
03-jun-16;29.9;30.305
02-jun-16;30.18;30.16
01-jun-16;30.21;30.36
31-may-16;30.36;30.34
30-may-16;30.235;30.065
27-may-16;30.1;29.395
26-may-16;29.57;29.235
25-may-16;29.32;29.705
24-may-16;29.505;28.67
23-may-16;28.69;28.82
20-may-16;28.8;28.37
19-may-16;28.2;28.185
18-may-16;28.37;27.75
17-may-16;27.89;28.3
16-may-16;28.075;27.9
13-may-16;28.125;27.6
12-may-16;27.815;27.935
11-may-16;27.995;28.47
10-may-16;28.54;28.43
09-may-16;28.17;27.705
06-may-16;27.53;27.595
05-may-16;27.72;27.53
04-may-16;27.47;27.78
03-may-16;27.785;28.365
02-may-16;28.49;28.235
29-abr-16;28.035;28.38
28-abr-16;28.645;28.795
27-abr-16;29.165;29.095
26-abr-16;28.975;29.395
25-abr-16;29.22;29.37
22-abr-16;29.5;29.46
21-abr-16;29.45;29.815
20-abr-16;29.795;29.47
19-abr-16;29.525;29.06
18-abr-16;28.9;28.495
15-abr-16;28.77;28.91
14-abr-16;28.905;29.045
13-abr-16;28.98;28.8
12-abr-16;28.735;28.505
11-abr-16;28.53;28.51
08-abr-16;28.57;28.545
07-abr-16;28.415;28.58
06-abr-16;28.63;28.51
05-abr-16;28.45;29.025
04-abr-16;29.295;29.055
01-abr-16;29.105;29.3
31-mar-16;29.565;29.86
30-mar-16;30.11;30.025
29-mar-16;29.78;29.78
24-mar-16;29.545;29.855
23-mar-16;30.145;30.06
22-mar-16;30.045;29.76
21-mar-16;29.875;29.755
18-mar-16;29.75;29.725
17-mar-16;29.79;30.16
16-mar-16;29.905;29.77
15-mar-16;29.675;29.765
14-mar-16;29.855;29.825
11-mar-16;29.61;30.23
10-mar-16;29.68;30.19
09-mar-16;29.92;29.7
08-mar-16;29.41;29.515
07-mar-16;29.695;29.45
04-mar-16;29.7;29.38
03-mar-16;29.33;29.615
02-mar-16;29.66;29.965
01-mar-16;29.785;28.8
29-feb-16;28.62;28.4
26-feb-16;28.505;28.375
25-feb-16;27.96;27.65
24-feb-16;27.195;28.005
23-feb-16;28.005;28.5
22-feb-16;28.585;28.47
19-feb-16;28.255;28.24
18-feb-16;28.21;28.25
17-feb-16;28.015;27.345
16-feb-16;27.22;27.745
15-feb-16;27.555;27.7
12-feb-16;27.11;26.92
11-feb-16;26.755;27.8
10-feb-16;28.085;27.69
09-feb-16;27.375;27.515
08-feb-16;27.555;28.395
05-feb-16;28.4;28.97
04-feb-16;28.93;29.465
03-feb-16;29.19;29.67
02-feb-16;29.84;30.4
01-feb-16;30.465;30.34
29-ene-16;30.185;29.88
28-ene-16;29.56;29.775
27-ene-16;30;29.345
26-ene-16;29.425;28.85
25-ene-16;29.29;29.655
22-ene-16;29.555;29.42
21-ene-16;28.83;28.4
20-ene-16;28.205;28.25
19-ene-16;29.035;28.895
18-ene-16;28.44;28.465
15-ene-16;28.54;29.205
14-ene-16;29.24;29.685
13-ene-16;30.005;30.515
12-ene-16;30.105;29.415
11-ene-16;29.435;29.415
08-ene-16;29.645;30.22
07-ene-16;30.07;29.5
06-ene-16;30.175;30.5
05-ene-16;30.37;30.75
04-ene-16;30.58;31.365
31-dic-15;31.69;32.105
30-dic-15;32.01;32.195
29-dic-15;32.255;31.79
28-dic-15;31.49;31.9
24-dic-15;31.79;31.945
23-dic-15;31.9;32
22-dic-15;31.64;31.845
21-dic-15;31.45;32
18-dic-15;32.215;32.845
17-dic-15;33.075;33.06
16-dic-15;32.29;32.635
15-dic-15;32.4;31.655
14-dic-15;31.42;32.105
11-dic-15;32.035;32.435
10-dic-15;32.105;32.545
09-dic-15;32.545;33.12
08-dic-15;32.915;33.71
07-dic-15;33.875;33.55
04-dic-15;33.25;33.2
03-dic-15;33.385;34.865
02-dic-15;34.585;34.185
01-dic-15;33.965;34.105
30-nov-15;34.06;33.42
27-nov-15;33.465;33.115
26-nov-15;33.28;33.09
25-nov-15;33.175;32.4
24-nov-15;32.3;33.065
23-nov-15;33.115;33
20-nov-15;33.125;32.895
19-nov-15;32.72;33.005
18-nov-15;32.655;33.2
17-nov-15;33.345;33.005
16-nov-15;32.705;32.17
13-nov-15;32.54;32.79
12-nov-15;32.945;33.425
11-nov-15;33.415;33.2
10-nov-15;33.17;33.04
09-nov-15;32.935;32.93
06-nov-15;32.935;34.235
05-nov-15;34.35;33.7
04-nov-15;33.71;33.905
03-nov-15;33.81;33.835
02-nov-15;34.095;33.78
30-oct-15;34.105;34.5
29-oct-15;34.285;34.165
28-oct-15;33.9;33.735
27-oct-15;33.51;33.645
26-oct-15;33.61;33.73
23-oct-15;33.755;32.97
22-oct-15;32.75;31.63
21-oct-15;31.755;31.49
20-oct-15;31.44;31.46
19-oct-15;31.385;31.06
16-oct-15;31.02;31.03
15-oct-15;30.82;30.765
14-oct-15;30.48;30.77
13-oct-15;30.9;31.29
12-oct-15;31.2;31.115
09-oct-15;31.125;31.51
08-oct-15;31.17;31.27
07-oct-15;31.315;32
06-oct-15;31.775;31.48
05-oct-15;31.395;30.775
02-oct-15;30.195;30.41
01-oct-15;30.155;30.215
30-sep-15;29.93;29.6
29-sep-15;28.935;28.82
28-sep-15;29.19;29.395
25-sep-15;29.5;28.84
24-sep-15;28.4;29.395
23-sep-15;29.3;29.29
22-sep-15;29.375;30.335
21-sep-15;30.275;29.89
18-sep-15;29.885;30.51
17-sep-15;30.74;30.47
16-sep-15;30.29;29.52
15-sep-15;28.6;28.5
14-sep-15;28.425;28.59
11-sep-15;28.51;29.02
10-sep-15;28.84;28.855
09-sep-15;29.125;29.43
08-sep-15;28.755;28.72
07-sep-15;28.515;28.71
04-sep-15;28.58;29.155
03-sep-15;29.475;29.175
02-sep-15;28.945;29.07
01-sep-15;28.985;29.28
31-ago-15;29.74;29.545
28-ago-15;29.87;29.85
27-ago-15;29.755;29.395
26-ago-15;28.705;28.9
25-ago-15;29.25;28.15
24-ago-15;27.81;28
21-ago-15;29.01;29.5
20-ago-15;30.025;30.635
19-ago-15;30.83;30.88
18-ago-15;31.165;31
17-ago-15;31.085;31.065
14-ago-15;30.735;30.875
13-ago-15;30.82;30.815
12-ago-15;30.265;31.225
11-ago-15;31.595;32.26
10-ago-15;32.45;32.165
07-ago-15;31.885;32.23
06-ago-15;32.275;32.15
05-ago-15;32.15;32.04
04-ago-15;31.87;31.8
03-ago-15;31.875;31.17
31-jul-15;31.175;30.785
30-jul-15;30.8;30.9
29-jul-15;30.76;30.62
28-jul-15;30.385;30.28
27-jul-15;30.22;30.47
24-jul-15;30.7;30.96
23-jul-15;30.92;31.255
22-jul-15;30.95;30.82
21-jul-15;30.96;31.14
20-jul-15;31.14;31.17
17-jul-15;31.09;31.3
16-jul-15;31.09;30.67
15-jul-15;30.48;30.49
14-jul-15;30.465;30.02
13-jul-15;30.095;30.07
10-jul-15;29.675;29.405
09-jul-15;28.6;28.085
08-jul-15;27.975;27.77
07-jul-15;27.85;28.325
06-jul-15;28.335;28.29
03-jul-15;28.835;29.015
02-jul-15;28.96;29.445
01-jul-15;29.36;29.495
30-jun-15;29.155;29.215
29-jun-15;29.425;28.56
26-jun-15;30.715;30.165
25-jun-15;30.385;30.5
24-jun-15;30.69;31.04
23-jun-15;30.955;30.955
22-jun-15;30.62;30.285
19-jun-15;29.465;29.27
18-jun-15;29.125;28.9
17-jun-15;28.935;29.185
16-jun-15;29.095;28.9
15-jun-15;29.06;29.14
12-jun-15;29.405;30.21
11-jun-15;30.23;29.88
10-jun-15;29.855;30
09-jun-15;29.995;29.65
08-jun-15;29.64;29.995
05-jun-15;30.005;30.145
04-jun-15;30.355;30.405
03-jun-15;30.575;30.845
02-jun-15;30.66;31
01-jun-15;30.805;30.44
29-may-15;30.16;30.655
28-may-15;30.735;30.77
27-may-15;30.9;30.18
26-may-15;30.07;29.905
25-may-15;30.05;30.23
22-may-15;30.475;30.415
21-may-15;30.475;30.11
20-may-15;30.22;29.835
19-may-15;29.7;29.185
18-may-15;29;28.68
15-may-15;28.655;29.11
14-may-15;28.945;28.56
13-may-15;28.595;28.96
12-may-15;28.795;28.74
11-may-15;28.92;29.035
08-may-15;29.045;28.4
07-may-15;28.03;27.7
06-may-15;27.855;27.56
05-may-15;27.71;28.69
04-may-15;28.605;28.665
30-abr-15;28.675;28.625
29-abr-15;28.71;29.595
28-abr-15;29.515;29.91
27-abr-15;29.925;29.295
24-abr-15;29.28;29.12
23-abr-15;29.075;29.1
22-abr-15;29.155;29.55
21-abr-15;29.49;29.385
20-abr-15;29.35;29.645
17-abr-15;29.425;30.255
16-abr-15;30.34;30.85
15-abr-15;30.91;30.85
14-abr-15;30.61;30.835
13-abr-15;30.975;30.915
10-abr-15;30.88;30.81
09-abr-15;30.685;30.575
08-abr-15;30.35;30.55
07-abr-15;30.535;30.565
02-abr-15;30.19;29.84
01-abr-15;29.705;29.865
31-mar-15;29.88;29.74
30-mar-15;29.82;29.715
27-mar-15;29.645;29.7
26-mar-15;29.615;29.475
25-mar-15;29.705;30.26
24-mar-15;30.245;30
23-mar-15;30.04;30.245
20-mar-15;30.21;29.79
19-mar-15;29.595;29.1
18-mar-15;29.15;28.745
17-mar-15;28.17;28.84
16-mar-15;28.81;28.425
13-mar-15;28.16;27.825
12-mar-15;27.625;27.81
11-mar-15;27.65;27.47
10-mar-15;27.36;27.785
09-mar-15;27.785;27.86
06-mar-15;28.06;27.95
05-mar-15;27.875;27.89
04-mar-15;27.77;28.1
03-mar-15;28.175;28.4
02-mar-15;28.395;28.005
27-feb-15;28.085;27.885
26-feb-15;28.04;27.8
25-feb-15;27.915;27.88
24-feb-15;28.145;27.935
23-feb-15;27.79;27.685
20-feb-15;27.3;27.495
19-feb-15;27.58;26.8
18-feb-15;26.89;26.52
17-feb-15;26.41;26.13
16-feb-15;26.385;26.605
13-feb-15;26.625;26.505
12-feb-15;26.32;25.8
11-feb-15;25.85;26.49
10-feb-15;26.41;25.705
09-feb-15;25.635;26.05
06-feb-15;26.22;26.355
05-feb-15;26.395;26.115
04-feb-15;26.47;26.54
03-feb-15;26.605;26.32
02-feb-15;26.12;26.245
30-ene-15;26.135;26.375
29-ene-15;26.285;26.13
28-ene-15;26.46;26.9
27-ene-15;26.615;26.9
26-ene-15;27.04;26.635
23-ene-15;26.6;26.25
22-ene-15;26.11;26
21-ene-15;25.965;25.515
20-ene-15;25.415;24.815
19-ene-15;24.75;24.665
16-ene-15;24.525;24.3
15-ene-15;24.43;24.875
14-ene-15;24.57;24.08
13-ene-15;24.33;23.59
12-ene-15;23.62;23.65
09-ene-15;23.47;23.9
08-ene-15;23.915;23.315
07-ene-15;22.96;22.825
06-ene-15;22.695;23.08
05-ene-15;22.98;23.49
02-ene-15;23.785;24
31-dic-14;23.705;23.845
30-dic-14;23.725;23.84
29-dic-14;23.85;23.82
24-dic-14;23.905;23.905
23-dic-14;23.905;23.825
22-dic-14;23.75;23.655
19-dic-14;23.64;23.875
18-dic-14;23.55;22.62
17-dic-14;22.285;22.235
16-dic-14;22.44;22.165
15-dic-14;22.08;22.54
12-dic-14;22.59;23.22
11-dic-14;23.295;22.95
10-dic-14;22.35;22.855
09-dic-14;22.63;23.16
08-dic-14;23.38;23.49
05-dic-14;23.58;23.39
04-dic-14;23.05;23.69
03-dic-14;23.575;23.445
02-dic-14;23.39;23.55
01-dic-14;23.385;23.19
28-nov-14;23.415;23.225
27-nov-14;23.265;23.19
26-nov-14;23.125;23.305
25-nov-14;23.245;23.345
24-nov-14;23.345;23.165
21-nov-14;23.135;22.52
20-nov-14;22.48;22.68
19-nov-14;22.8;23.035
18-nov-14;23.04;22.465
17-nov-14;22.49;21.815
14-nov-14;22.045;22.28
13-nov-14;22.225;22.195
12-nov-14;22.085;22.275
11-nov-14;22.335;22.285
10-nov-14;22.13;21.605
07-nov-14;21.64;21.96
06-nov-14;21.87;21.815
05-nov-14;21.835;21.53
04-nov-14;21.405;21.9
03-nov-14;21.9;22.245
31-oct-14;22.415;22.15
30-oct-14;21.805;21.845
29-oct-14;21.76;21.85
28-oct-14;21.76;21.345
27-oct-14;21.145;21.625
24-oct-14;21.315;21.27
23-oct-14;21.28;21.035
22-oct-14;21.125;21.085
21-oct-14;21.035;20.525
20-oct-14;20.54;20.565
17-oct-14;20.67;19.93
16-oct-14;19.89;20.265
15-oct-14;20.065;20.62
14-oct-14;20.66;20.5
13-oct-14;20.65;20.575
10-oct-14;20.76;20.845
09-oct-14;20.92;21.155
08-oct-14;21.015;21.29
07-oct-14;21.345;21.75
06-oct-14;21.775;21.63
03-oct-14;21.4;21.2
02-oct-14;20.945;21.625
01-oct-14;21.59;21.82
30-sep-14;21.875;21.49
29-sep-14;21.53;21.775
26-sep-14;21.87;21.88
25-sep-14;21.895;22.26
24-sep-14;22.24;22.1
23-sep-14;22.025;22.525
22-sep-14;22.54;22.5
19-sep-14;22.59;22.95
18-sep-14;22.7;22.765
17-sep-14;22.82;23.6
16-sep-14;23.31;23.445
15-sep-14;23.505;23.175
12-sep-14;23.18;22.85
11-sep-14;23.025;23.3
10-sep-14;23.06;22.855
09-sep-14;22.855;22.855
08-sep-14;22.965;23.255
05-sep-14;23.18;22.86
04-sep-14;22.8;22.285
03-sep-14;22.485;22.49
02-sep-14;22.325;22.25
01-sep-14;22.2;22.06
29-ago-14;22.05;22.18
28-ago-14;22.11;22.195
27-ago-14;22.315;22.345
26-ago-14;22.39;21.945
25-ago-14;21.975;22
22-ago-14;21.72;22.16
21-ago-14;22.125;21.86
20-ago-14;21.86;21.815
19-ago-14;21.805;21.765
18-ago-14;21.7;21.645
15-ago-14;21.41;21.575
14-ago-14;21.49;21.35
13-ago-14;21.47;21.67
12-ago-14;21.495;21.23
11-ago-14;21.2;21.13
08-ago-14;20.89;20.735
07-ago-14;20.9;21.07
06-ago-14;21.125;21.125
05-ago-14;21.225;21.38
04-ago-14;21.25;21.485
01-ago-14;21.385;21.915
31-jul-14;22.21;22.505
30-jul-14;22.34;22.28
29-jul-14;22.285;22.515
28-jul-14;22.485;22.77
25-jul-14;22.29;22.19
24-jul-14;22.22;22.03
23-jul-14;22;21.83
22-jul-14;21.93;21.9
21-jul-14;21.82;21.98
18-jul-14;21.98;22
17-jul-14;22.09;22.25
16-jul-14;22.29;22.04
15-jul-14;21.93;22.1
14-jul-14;22.11;22.1
11-jul-14;22.09;22.27
10-jul-14;22.21;22.43
09-jul-14;22.42;22.52
08-jul-14;22.35;22.58
07-jul-14;22.62;22.82
04-jul-14;22.89;22.95
03-jul-14;22.92;22.34
02-jul-14;22.42;22.45
01-jul-14;22.49;22.52
30-jun-14;22.48;22.43
27-jun-14;22.46;22.59
26-jun-14;22.47;22.4
25-jun-14;22.34;22.4
24-jun-14;22.5;22.5
23-jun-14;22.5;22.49
20-jun-14;22.5;22.54
19-jun-14;22.6;22.48
18-jun-14;22.24;22.15
17-jun-14;22.13;22.08
16-jun-14;22.06;22.11
13-jun-14;22.25;22.24
12-jun-14;22.25;22.51
11-jun-14;22.3;22.16
10-jun-14;22.05;21.7
09-jun-14;21.75;21.5
06-jun-14;21.5;21.25
05-jun-14;21.28;21.05
04-jun-14;21.11;21.26
03-jun-14;21.27;21.3
02-jun-14;21.22;21.3
30-may-14;21.3;21.2
29-may-14;21.33;21.23
28-may-14;21.33;21.16
27-may-14;21.21;21.17
26-may-14;21.24;20.99
23-may-14;20.96;21.01
22-may-14;21;20.88
21-may-14;20.87;20.6
20-may-14;20.73;21
19-may-14;21.09;21.51
16-may-14;21.46;21.26
15-may-14;21.27;21.61
14-may-14;21.56;21.5
13-may-14;21.51;21.57
12-may-14;21.54;21.42
09-may-14;21.41;21.36
08-may-14;21.35;21.12
07-may-14;21.11;20.99
06-may-14;21.09;21.21
05-may-14;21.22;21.32
02-may-14;21.29;21.5
30-abr-14;21.63;21.49
29-abr-14;21.56;21.55
28-abr-14;21.54;21.6
25-abr-14;21.41;21.42
24-abr-14;21.53;21.58
23-abr-14;21.45;21.44
22-abr-14;21.48;21.39
17-abr-14;21.23;21.22
16-abr-14;21.24;21.43
15-abr-14;21.18;21.24
14-abr-14;21.23;20.93
11-abr-14;21.07;21.34
10-abr-14;21.6;21.76
09-abr-14;21.78;21.9
08-abr-14;21.9;22.23
07-abr-14;22.26;22.62
04-abr-14;22.71;22.49
03-abr-14;22.42;22.17
02-abr-14;22.04;22
01-abr-14;21.94;21.85
31-mar-14;21.78;22.11
28-mar-14;22;22.23
27-mar-14;22.08;22.07
26-mar-14;22.06;22.02
25-mar-14;21.96;21.77
24-mar-14;21.6;21.71
21-mar-14;21.65;21.51
20-mar-14;21.42;21.34
19-mar-14;21.62;21.26
18-mar-14;20.62;20.67
17-mar-14;20.67;20.36
14-mar-14;20.33;20.33
13-mar-14;20.42;20.71
12-mar-14;20.67;20.86
11-mar-14;20.95;21.07
10-mar-14;20.97;20.93
07-mar-14;21.14;21.48
06-mar-14;21.39;21.21
05-mar-14;21.21;21.06
04-mar-14;21.14;20.85
03-mar-14;20.63;20.45
28-feb-14;20.86;20.78
27-feb-14;20.7;20.65
26-feb-14;21.01;21.11
25-feb-14;21.11;21.2
24-feb-14;21.23;21.09
21-feb-14;21.2;21.26
20-feb-14;21.14;20.74
19-feb-14;20.93;20.99
18-feb-14;21.03;21.34
17-feb-14;21.91;22.2
14-feb-14;22.27;22.18
13-feb-14;22.17;22.16
12-feb-14;22.23;22.25
11-feb-14;22.17;22.18
10-feb-14;22;22.43
07-feb-14;22.3;22.07
06-feb-14;21.93;21.78
05-feb-14;21.6;21.52
04-feb-14;21.58;21.63
03-feb-14;21.64;22.2
31-ene-14;22.14;22.21
30-ene-14;22.27;22.47
29-ene-14;22.44;22.33
28-ene-14;22.27;22.48
27-ene-14;22.24;22.8
24-ene-14;22.63;23.36
23-ene-14;23.33;23.38
22-ene-14;23.77;24.12
21-ene-14;23.98;24
20-ene-14;23.98;23.71
17-ene-14;23.78;23.97
16-ene-14;23.9;23.97
15-ene-14;23.91;23.78
14-ene-14;23.7;23.44
13-ene-14;23.58;23.64
10-ene-14;23.7;23.85
09-ene-14;23.67;23.71
08-ene-14;23.73;23.89
07-ene-14;23.89;23.63
06-ene-14;23.66;23.66
03-ene-14;23.78;23.72
02-ene-14;23.72;23.9
31-dic-13;23.96;23.88
30-dic-13;23.81;23.88
27-dic-13;23.8;23.58
24-dic-13;23.57;23.38
23-dic-13;23.37;23.35
20-dic-13;23.2;23.19
19-dic-13;23.17;22.73
18-dic-13;22.6;22.57
17-dic-13;22.42;22.48
16-dic-13;22.65;22.2
13-dic-13;22.19;22.11
12-dic-13;22.18;22.5
11-dic-13;22.59;23.15
10-dic-13;22.85;23.2
09-dic-13;23.19;22.72
06-dic-13;22.73;22.85
05-dic-13;22.83;23.04
04-dic-13;23.15;23.03
03-dic-13;23.02;23.27
02-dic-13;23.2;23.53
29-nov-13;23.47;23.43
28-nov-13;23.4;23.34
27-nov-13;23.18;23.2
26-nov-13;23.12;23.18
25-nov-13;23.1;23.19
22-nov-13;23.13;22.96
21-nov-13;23;22.92
20-nov-13;23.08;23
19-nov-13;23.15;23.5
18-nov-13;23.66;23.58
15-nov-13;23.56;23.69
14-nov-13;23.7;23.44
13-nov-13;23.17;23
12-nov-13;23.11;23.21
11-nov-13;23.29;23.24
08-nov-13;23.23;23.25
07-nov-13;23.4;23.92
06-nov-13;23.9;23.82
05-nov-13;23.71;23.91
04-nov-13;23.78;23.76
01-nov-13;23.9;24.2
31-oct-13;24.2;23.88
30-oct-13;23.9;23.93
29-oct-13;23.93;23.73
28-oct-13;23.85;23.71
25-oct-13;23.67;23.53
24-oct-13;23.56;23.57
23-oct-13;23.48;23.49
22-oct-13;23.55;23.52
21-oct-13;23.53;23.7
18-oct-13;23.67;23.3
17-oct-13;23.2;23.01
16-oct-13;22.96;22.86
15-oct-13;22.98;22.87
14-oct-13;22.8;22.81
11-oct-13;22.91;22.92
10-oct-13;22.82;22.72
09-oct-13;22.6;22.35
08-oct-13;22.27;22.39
07-oct-13;22.36;22.44
04-oct-13;22.57;22.58
03-oct-13;22.6;22.6
02-oct-13;22.6;22.8
01-oct-13;22.87;22.76
30-sep-13;22.78;22.48
27-sep-13;22.74;22.93
26-sep-13;22.84;22.91
25-sep-13;22.9;22.69
24-sep-13;22.65;22.7
23-sep-13;22.61;22.48
20-sep-13;22.48;22.61
19-sep-13;22.67;22.59
18-sep-13;22.22;22.4
17-sep-13;22.04;22.05
16-sep-13;22.13;22.25
13-sep-13;22;21.64
12-sep-13;21.52;21.41
11-sep-13;21.41;21.53
10-sep-13;21.62;21.24
09-sep-13;21.11;21.12
06-sep-13;21.11;20.77
05-sep-13;20.76;20.83
04-sep-13;20.9;20.69
03-sep-13;20.57;20.4
02-sep-13;20.4;20.21
30-ago-13;20.03;20.06
29-ago-13;20.13;20.05
28-ago-13;19.956;20.04
27-ago-13;20.08;20.35
26-ago-13;20.6;20.35
23-ago-13;20.47;20.67
22-ago-13;20.7;20.17
21-ago-13;20.08;20.27
20-ago-13;20.22;20.5
19-ago-13;20.54;20.56
16-ago-13;20.55;20.84
15-ago-13;20.78;20.7
14-ago-13;20.75;20.78
13-ago-13;20.79;20.81
12-ago-13;20.69;20.65
09-ago-13;20.64;20.7
08-ago-13;20.69;20.81
07-ago-13;20.75;20.8
06-ago-13;20.75;20.6
05-ago-13;20.53;20.65
02-ago-13;20.58;20.46
01-ago-13;20.37;20.19
31-jul-13;20.04;20.59
30-jul-13;20.59;20.4
29-jul-13;20.3;20.15
26-jul-13;19.97;19.918
25-jul-13;19.84;19.69
24-jul-13;19.776;19.6
23-jul-13;19.546;19.568
22-jul-13;19.568;19.68
19-jul-13;19.606;19.702
18-jul-13;19.718;19.542
17-jul-13;19.604;19.628
16-jul-13;19.512;19.812
15-jul-13;19.832;19.618
12-jul-13;19.5;19.994
11-jul-13;19.966;19.92
10-jul-13;19.72;19.422
09-jul-13;19.48;19.77
08-jul-13;19.74;19.474
05-jul-13;19.378;19.772
04-jul-13;19.76;19.352
03-jul-13;19.192;19.036
02-jul-13;19.232;19.482
01-jul-13;19.518;19.144
28-jun-13;18.968;19.266
27-jun-13;19.252;19.2
26-jun-13;19.2;19.07
25-jun-13;18.842;18.546
24-jun-13;18.35;18.452
21-jun-13;18.544;19.128
20-jun-13;19.06;19.302
19-jun-13;19.566;19.632
18-jun-13;19.544;19.534
17-jun-13;19.54;19.5
14-jun-13;19.53;19.64
13-jun-13;19.898;20.24
12-jun-13;20.26;19.28
11-jun-13;19.568;19.82
10-jun-13;20;20.08
07-jun-13;20.01;19.7
06-jun-13;19.698;19.94
05-jun-13;19.822;19.384
04-jun-13;19.584;19.6
03-jun-13;19.444;19.12
31-may-13;19.164;19.628
30-may-13;19.66;19.5
29-may-13;19.458;19.63
28-may-13;19.722;19.63
27-may-13;19.666;19.66
24-may-13;19.55;19.9
23-may-13;19.81;19.7
22-may-13;20.18;20.37
21-may-13;20.36;20.34
20-may-13;20.41;20.86
17-may-13;20.94;20.65
16-may-13;20.56;21.14
15-may-13;21.1;20.87
14-may-13;20.87;20.73
13-may-13;20.67;20.69
10-may-13;20.6;20.52
09-may-13;20.4;20.58
08-may-13;20.75;20.36
07-may-13;20.31;20.71
06-may-13;20.56;20.68
03-may-13;20.68;20.31
02-may-13;20.12;20.2
30-abr-13;20.41;20.5
29-abr-13;20.45;20.36
26-abr-13;20.25;20.11
25-abr-13;20.23;20.2
24-abr-13;20.11;19.874
23-abr-13;19.914;19.484
22-abr-13;19.404;19.686
19-abr-13;19.394;18.724
18-abr-13;18.57;18.868
17-abr-13;18.898;19.814
16-abr-13;19.702;20.04
15-abr-13;20.15;20.12
12-abr-13;20.23;20.11
11-abr-13;20.13;19.966
10-abr-13;19.964;19.98
09-abr-13;19.95;20.24
08-abr-13;20.19;20.18
05-abr-13;20.21;20.57
04-abr-13;20.54;21.03
03-abr-13;20.93;20.87
02-abr-13;20.86;20.55
28-mar-13;20.68;20.32
27-mar-13;20.22;20.43
26-mar-13;20.32;20.13
25-mar-13;20.18;20.35
22-mar-13;20.21;20.22
21-mar-13;20.23;20.62
20-mar-13;20.62;20.56
19-mar-13;20.36;20.6
18-mar-13;20.63;20.2
15-mar-13;20.46;20.54
14-mar-13;20.77;21.02
13-mar-13;21.13;21.2
12-mar-13;21.69;21.3
11-mar-13;21.42;21.71
08-mar-13;21.71;21.31
07-mar-13;21.32;21.26
06-mar-13;21.22;21.6
05-mar-13;21.52;20.99
04-mar-13;20.8;20.7
01-mar-13;20.87;20.66
28-feb-13;20.53;20.27
27-feb-13;20.26;20.09
26-feb-13;20.21;19.8
25-feb-13;20.72;20.91
22-feb-13;20.44;20.01
21-feb-13;19.946;20.12
20-feb-13;20.13;20.52
19-feb-13;20.49;20.4
18-feb-13;20.47;20.6
15-feb-13;20.7;20.72
14-feb-13;20.77;20.97
13-feb-13;21.08;21.12
12-feb-13;21.11;20.43
11-feb-13;20.42;20.76
08-feb-13;20.84;20.6
07-feb-13;20.61;20.75
06-feb-13;20.7;20.91
05-feb-13;20.82;20.06
04-feb-13;20.18;20.2
01-feb-13;20.25;20.64
31-ene-13;20.64;21.13
30-ene-13;21.13;20.69
29-ene-13;20.62;21.05
28-ene-13;21.01;21.6
25-ene-13;21.47;21.41
24-ene-13;21.49;21.48
23-ene-13;21.48;21.45
22-ene-13;21.5;21.26
21-ene-13;21.23;21.25
18-ene-13;21.13;21.16
17-ene-13;21.09;20.92
16-ene-13;20.89;21.19
15-ene-13;20.94;20.76
14-ene-13;20.85;21.16
11-ene-13;21.11;21.03
10-ene-13;21.08;21.06
09-ene-13;21.11;21.2
08-ene-13;21.12;20.67
07-ene-13;20.66;21.3
04-ene-13;21.32;21.52
03-ene-13;21.5;21.9
02-ene-13;21.86;21.96
31-dic-12;21.1;21.1
28-dic-12;20.87;21.57
27-dic-12;21.59;21.64
24-dic-12;21.53;21.4
21-dic-12;21.14;21.5
20-dic-12;21.57;21.69
19-dic-12;21.69;21.64
18-dic-12;21.65;21.22
17-dic-12;21.13;20.64
14-dic-12;20.7;20.72
13-dic-12;20.64;20.96
12-dic-12;20.77;20.54
11-dic-12;20.72;20.1
10-dic-12;20.16;20.14
07-dic-12;20.16;20.12
06-dic-12;19.984;19.864
05-dic-12;19.734;20.29
04-dic-12;20.15;20.71
03-dic-12;20.74;21.04
30-nov-12;21.08;21.19
29-nov-12;21.13;20.91
28-nov-12;20.79;20.51
27-nov-12;20.5;20.85
26-nov-12;20.6;20.41
23-nov-12;20.49;20.6
22-nov-12;20.6;20.34
21-nov-12;20.23;20.21
20-nov-12;20.3;20.22
19-nov-12;20.29;19.868
16-nov-12;19.7;20.12
15-nov-12;19.926;19.9
14-nov-12;19.96;20.1
13-nov-12;19.98;19.722
12-nov-12;19.73;20
09-nov-12;20;19.404
08-nov-12;19.436;19.65
07-nov-12;19.57;20.04
06-nov-12;19.976;20
05-nov-12;20;20.26
02-nov-12;20.48;20
01-nov-12;19.89;19.796
31-oct-12;19.688;19.72
30-oct-12;19.704;19.586
29-oct-12;19.51;19.376
26-oct-12;19.464;19.296
25-oct-12;19.386;19.18
24-oct-12;19.18;19.222
23-oct-12;19.13;19.618
22-oct-12;19.52;19.548
19-oct-12;19.482;19.892
18-oct-12;19.942;19.98
17-oct-12;19.826;19.832
16-oct-12;19.7;19.606
15-oct-12;19.34;19.46
12-oct-12;19.458;19.552
11-oct-12;19.6;19.634
10-oct-12;19.724;19.802
09-oct-12;19.802;20.2
08-oct-12;20.13;20.19
05-oct-12;19.992;19.96
04-oct-12;19.87;19.472
03-oct-12;19.354;19.498
02-oct-12;19.63;19.548
01-oct-12;19.594;19.316
28-sep-12;19.326;19.4
27-sep-12;19.228;19.79
26-sep-12;19.78;19.842
25-sep-12;19.94;19.66
24-sep-12;19.52;19.634
21-sep-12;19.876;19.558
20-sep-12;19.116;19
19-sep-12;19.062;19.08
18-sep-12;18.388;18.3
17-sep-12;18.27;17.764
14-sep-12;17.898;17.786
13-sep-12;17.438;17.36
12-sep-12;17.34;18
11-sep-12;17.88;17.89
10-sep-12;17.8;17.908
07-sep-12;17.826;18.8
06-sep-12;19.114;18.198
05-sep-12;18.136;17.8
04-sep-12;17.79;18.194
03-sep-12;17.87;18.066
31-ago-12;17.682;17.324
30-ago-12;17.324;17.38
29-ago-12;17.418;17.482
28-ago-12;17.414;17.764
27-ago-12;17.694;17.45
24-ago-12;17.436;17.152
23-ago-12;17.228;17.52
22-ago-12;17.406;17.898
21-ago-12;17.894;17.364
20-ago-12;17.242;17.546
17-ago-12;17.412;17.38
16-ago-12;17.3;17.06
15-ago-12;17.026;17.094
14-ago-12;17.094;17.462
13-ago-12;17.294;17.598
10-ago-12;17.188;17.4
09-ago-12;17.5;17.802
08-ago-12;17.7;18.114
07-ago-12;18.12;17.844
06-ago-12;17.796;17.294
03-ago-12;17.142;16.258
02-ago-12;16.258;16.526
01-ago-12;16.606;16.98
31-jul-12;16.766;17.326
30-jul-12;17.31;16.734
27-jul-12;16.62;16.534
26-jul-12;16.368;16.334
25-jul-12;16.018;15.6
24-jul-12;15.58;16.026
23-jul-12;15.928;15.864
20-jul-12;16.014;16.516
19-jul-12;16.598;16.314
18-jul-12;16.298;16.2
17-jul-12;16.284;16.15
16-jul-12;16.102;16.04
13-jul-12;16.158;15.89
12-jul-12;15.9;16.012
11-jul-12;16.16;15.87
10-jul-12;15.988;15.878
09-jul-12;15.788;15.94
06-jul-12;15.934;16.09
05-jul-12;16.082;16.4
04-jul-12;16.362;16.53
03-jul-12;16.486;16.456
02-jul-12;16.272;16.372
29-jun-12;16.306;15.93
28-jun-12;15.634;15.698
27-jun-12;15.692;15.648
26-jun-12;15.53;15.35
25-jun-12;15.442;15.392
22-jun-12;15.378;15.338
21-jun-12;15.454;15.448
20-jun-12;15.556;15.56
19-jun-12;15.6;15.174
18-jun-12;15.126;15.292
15-jun-12;15.22;15.344
14-jun-12;15.328;15.038
13-jun-12;15.08;14.4
12-jun-12;13.516;13.552
11-jun-12;13.476;14
08-jun-12;13.48;13.4
07-jun-12;13.47;13.332
06-jun-12;13.312;13.186
05-jun-12;13.066;13.126
04-jun-12;13.004;12.894
01-jun-12;13.004;13.368
31-may-12;13.276;13.332
30-may-12;13.35;13.644
29-may-12;13.816;13.896
28-may-12;13.8;13.9
25-may-12;13.812;13.75
24-may-12;13.76;13.656
23-may-12;13.558;13.516
22-may-12;13.68;13.44
21-may-12;13.298;13.394
18-may-12;13.432;13.42
17-may-12;13.5;13.526
16-may-12;13.52;13.604
15-may-12;13.788;13.68
14-may-12;13.494;13.584
11-may-12;13.736;13.562
10-may-12;13.548;13.542
09-may-12;13.512;13.522
08-may-12;13.506;13.604
07-may-12;13.6;13.43
04-may-12;13.492;13.828
03-may-12;13.814;13.672
02-may-12;13.51;13.8
30-abr-12;13.59;13.728
27-abr-12;13.672;13.526
26-abr-12;13.64;13.528
25-abr-12;13.528;13.742
24-abr-12;13.726;13.754
23-abr-12;13.65;13.82
20-abr-12;13.94;13.764
19-abr-12;13.762;13.934
18-abr-12;13.864;14.266
17-abr-12;14.27;13.958
16-abr-12;13.948;13.738
13-abr-12;13.762;14.054
12-abr-12;14.164;14.144
11-abr-12;13.978;13.874
10-abr-12;13.908;14.228
05-abr-12;14.328;14.28
04-abr-12;14.24;14.56
03-abr-12;14.6;14.946
02-abr-12;14.702;14.48
30-mar-12;14.364;14.19
29-mar-12;14.174;14.23
28-mar-12;14.414;14.394
27-mar-12;14.382;14.58
26-mar-12;14.416;14.328
23-mar-12;14.3;14.48
22-mar-12;14.318;14.2
21-mar-12;14.44;14.454
20-mar-12;14.348;14.45
19-mar-12;14.306;14.3
16-mar-12;14.26;14.1
15-mar-12;14.024;14.014
14-mar-12;13.956;13.752
13-mar-12;13.788;13.686
12-mar-12;13.6;13.546
09-mar-12;13.522;13.54
08-mar-12;13.57;13.55
07-mar-12;13.394;13.21
06-mar-12;13.324;13.724
05-mar-12;13.728;13.806
02-mar-12;13.866;13.844
01-mar-12;13.814;13.886
29-feb-12;13.862;13.9
28-feb-12;13.9;13.846
27-feb-12;13.81;13.734
24-feb-12;13.806;13.902
23-feb-12;13.852;13.786
22-feb-12;13.754;13.73
21-feb-12;13.754;13.88
20-feb-12;13.866;13.682
17-feb-12;13.642;13.58
16-feb-12;13.546;13.63
15-feb-12;13.654;13.636
14-feb-12;13.624;13.606
13-feb-12;13.606;13.672
10-feb-12;13.714;13.528
09-feb-12;13.548;13.56
08-feb-12;13.516;13.482
07-feb-12;13.484;13.582
06-feb-12;13.49;13.688
03-feb-12;13.646;13.62
02-feb-12;13.71;13.648
01-feb-12;13.576;13.424
31-ene-12;13.34;13.39
30-ene-12;13.414;13.332
27-ene-12;13.422;13.67
26-ene-12;13.676;13.5
25-ene-12;13.414;13.496
24-ene-12;13.454;13.438
23-ene-12;13.438;13.354
20-ene-12;13.386;13.322
19-ene-12;13.234;13.36
18-ene-12;13.3;13.28
17-ene-12;13.19;13.186
16-ene-12;13.012;12.846
13-ene-12;12.91;13.06
12-ene-12;12.946;13.154
11-ene-12;13.084;13.16
10-ene-12;13.09;12.92
09-ene-12;12.796;12.66
06-ene-12;12.61;12.588
05-ene-12;12.584;12.836
04-ene-12;12.82;12.78
03-ene-12;12.78;12.9
02-ene-12;12.848;12.682
30-dic-11;12.656;12.674
29-dic-11;12.626;12.498
28-dic-11;12.466;12.66
27-dic-11;12.62;12.702
23-dic-11;12.62;12.57
22-dic-11;12.48;12.452
21-dic-11;12.428;12.634
20-dic-11;12.548;12.466
19-dic-11;12.5;12.4
16-dic-11;12.452;12.908
15-dic-11;12.842;12.63
14-dic-11;12.55;12.52
13-dic-11;12.34;12.624
12-dic-11;12.508;12.642
09-dic-11;12.68;12.334
08-dic-11;12.4;12.69
07-dic-11;12.65;12.826
06-dic-11;12.714;12.7
05-dic-11;12.65;12.814
02-dic-11;12.71;12.794
01-dic-11;12.73;12.606
30-nov-11;12.606;11.988
29-nov-11;12.058;12.05
28-nov-11;12.242;12.108
25-nov-11;12;12.158
24-nov-11;12.246;12.44
23-nov-11;12.39;12.714
22-nov-11;12.832;12.806
21-nov-11;12.72;12.974
18-nov-11;13.048;13.05
17-nov-11;13.086;12.902
16-nov-11;12.99;13.016
15-nov-11;13.062;12.976
14-nov-11;13.094;13.232
11-nov-11;13.16;12.844
10-nov-11;12.71;12.64
09-nov-11;12.848;13.086
08-nov-11;12.956;12.87
07-nov-11;12.91;12.782
04-nov-11;12.978;13.058
03-nov-11;12.866;12.316
02-nov-11;12.52;12.8
01-nov-11;12.788;12.948
31-oct-11;13.152;13.36
28-oct-11;13.452;13.742
27-oct-11;13.66;13.822
26-oct-11;13.58;13.568
25-oct-11;13.608;13.674
24-oct-11;13.674;13.696
21-oct-11;13.7;13.434
20-oct-11;13.384;13.004
19-oct-11;13.1;13.496
18-oct-11;13.276;13.406
17-oct-11;13.516;13.526
14-oct-11;13.442;13.46
13-oct-11;13.46;13.104
12-oct-11;13.194;13.164
11-oct-11;13.244;12.986
10-oct-11;12.996;12.96
07-oct-11;12.778;12.646
06-oct-11;12.618;12
05-oct-11;12.504;12.476
04-oct-11;12.184;12.48
03-oct-11;12.566;12.614
30-sep-11;12.872;12.942
29-sep-11;13.054;12.982
28-sep-11;12.886;12.966
27-sep-11;13.098;13.32
26-sep-11;13.04;12.528
23-sep-11;12.702;12.61
22-sep-11;12.454;12.36
21-sep-11;12.73;12.856
20-sep-11;12.61;12.242
19-sep-11;12.27;12.2
16-sep-11;12.596;12.36
15-sep-11;12.36;12.18
14-sep-11;12.104;11.616
13-sep-11;11.722;11.896
12-sep-11;11.734;11.422
09-sep-11;11.768;11.8
08-sep-11;11.92;11.836
07-sep-11;11.816;11.7
06-sep-11;11.426;11.5
05-sep-11;11.578;11.748
02-sep-11;11.916;11.924
01-sep-11;12.06;11.966
31-ago-11;11.86;11.524
30-ago-11;11.384;11.3
29-ago-11;11.154;11.146
26-ago-11;10.966;11.152
25-ago-11;11.138;11.3
24-ago-11;11.188;11.14
23-ago-11;11.138;11.296
22-ago-11;11.236;10.996
19-ago-11;11.092;11.47
18-ago-11;11.52;11.952
17-ago-11;12.03;11.794
16-ago-11;11.802;11.862
15-ago-11;11.836;11.87
12-ago-11;11.784;11.582
11-ago-11;11.54;11.348
10-ago-11;11.104;11.476
09-ago-11;11.254;11.126
08-ago-11;11.122;11.4
05-ago-11;11.458;11.1
04-ago-11;11.532;12.22
03-ago-11;12.02;12
02-ago-11;12.122;12.33
01-ago-11;12.492;12.69
29-jul-11;12.628;12.504
28-jul-11;12.67;12.63
27-jul-11;12.784;12.728
26-jul-11;12.832;12.91
25-jul-11;12.898;12.88
22-jul-11;12.834;12.776
21-jul-11;12.69;12.8
20-jul-11;12.7;12.486
19-jul-11;12.364;12.61
18-jul-11;12.424;12.32
15-jul-11;12.378;12.418
14-jul-11;12.372;12.342
13-jul-11;12.456;12.258
12-jul-11;12.35;12.44
11-jul-11;12.564;12.79
08-jul-11;12.86;12.8
07-jul-11;12.714;12.742
06-jul-11;12.722;12.86
05-jul-11;12.784;12.9
04-jul-11;12.848;12.522
01-jul-11;12.476;12.568
30-jun-11;12.61;12.55
29-jun-11;12.55;12.526
28-jun-11;12.51;12.508
27-jun-11;12.516;12.29
24-jun-11;12.38;12.58
23-jun-11;12.462;12.41
22-jun-11;12.51;12.43
21-jun-11;12.434;12.076
20-jun-11;12.064;12.072
17-jun-11;12.116;12.062
16-jun-11;12.126;12.014
15-jun-11;12.154;12.392
14-jun-11;12.35;12.26
13-jun-11;12.222;12.176
10-jun-11;12.062;12.128
09-jun-11;12.166;12.088
08-jun-11;12.15;12.236
07-jun-11;12.306;12.29
06-jun-11;12.33;12.6
03-jun-11;12.426;12.384
02-jun-11;12.338;12.33
01-jun-11;12.508;12.676
31-may-11;12.634;12.62
30-may-11;12.57;12.456
27-may-11;12.52;12.606
26-may-11;12.538;12.596
25-may-11;12.45;12.058
24-may-11;12.12;12.102
23-may-11;12.176;12.084
20-may-11;12.22;12.39
19-may-11;12.518;12.362
18-may-11;12.336;12.46
17-may-11;12.348;12.392
16-may-11;12.4;12.154
13-may-11;12.34;12.4
12-may-11;12.282;12.23
11-may-11;12.336;12.098
10-may-11;12.056;11.95
09-may-11;12.006;12.24
06-may-11;12.356;12.2
05-may-11;12.2;12.156
04-may-11;12.188;12.2
03-may-11;12.048;12.042
02-may-11;12.042;12.11
29-abr-11;12.108;12.07
28-abr-11;12.078;12.012
27-abr-11;11.94;12.018
26-abr-11;12.016;11.926
21-abr-11;11.928;11.946
20-abr-11;11.948;11.77
19-abr-11;11.74;11.602
18-abr-11;11.632;11.816
15-abr-11;11.858;11.676
14-abr-11;11.682;11.698
13-abr-11;11.758;11.7
12-abr-11;11.79;11.686
11-abr-11;11.728;11.762
08-abr-11;11.77;11.784
07-abr-11;11.75;11.95
06-abr-11;11.904;11.886
05-abr-11;11.764;11.744
04-abr-11;11.71;11.54
01-abr-11;11.514;11.336
31-mar-11;11.324;11.4
30-mar-11;11.418;11.6
29-mar-11;11.508;11.36
28-mar-11;11.36;11.356
25-mar-11;11.356;11.558
24-mar-11;11.546;11.5
23-mar-11;11.45;11.1
22-mar-11;10.8;10.65
21-mar-11;10.678;10.634
18-mar-11;10.53;10.35
17-mar-11;10.316;10.306
16-mar-11;10.25;10.3
15-mar-11;10.38;10.374
14-mar-11;10.448;10.456
11-mar-11;10.534;10.538
10-mar-11;10.6;10.404
09-mar-11;10.452;10.466
08-mar-11;10.522;10.622
07-mar-11;10.66;10.466
04-mar-11;10.454;10.396
03-mar-11;10.388;10.342
02-mar-11;10.368;10.45
01-mar-11;10.474;10.46
28-feb-11;10.492;10.648
25-feb-11;10.654;10.63
24-feb-11;10.63;10.6
23-feb-11;10.652;10.708
22-feb-11;10.716;10.68
21-feb-11;10.764;10.88
18-feb-11;10.898;10.98
17-feb-11;10.958;10.916
16-feb-11;10.874;10.706
15-feb-11;10.782;10.838
14-feb-11;10.834;10.73
11-feb-11;10.726;10.902
10-feb-11;11.008;11.222
09-feb-11;11.298;11.3
08-feb-11;11.2;10.88
07-feb-11;10.894;10.894
04-feb-11;10.89;10.94
03-feb-11;10.938;10.944
02-feb-11;10.992;11.01
01-feb-11;11.034;11.138
31-ene-11;11.038;10.986
28-ene-11;10.986;11.262
27-ene-11;11.2;11.322
26-ene-11;11.45;11.35
25-ene-11;11.34;11.472
24-ene-11;11.382;11.5
21-ene-11;11.558;11.696
20-ene-11;11.7;11.83
19-ene-11;11.76;11.8
18-ene-11;11.754;11.534
17-ene-11;11.544;11.764
14-ene-11;11.742;11.808
13-ene-11;11.744;11.686
12-ene-11;11.764;11.514
11-ene-11;11.582;11.264
10-ene-11;11.32;11.152
07-ene-11;11.202;11.202
06-ene-11;11.15;11.242
05-ene-11;11.22;11.2
04-ene-11;11.26;11.118
03-ene-11;11.144;11.2
30-dic-10;11.206;11.45
29-dic-10;11.422;11.328
28-dic-10;11.38;11.29
27-dic-10;11.33;11.47
23-dic-10;11.602;11.828
22-dic-10;11.8;11.716
21-dic-10;11.752;11.3
20-dic-10;11.32;11.6
17-dic-10;11.634;11.772
16-dic-10;11.766;11.744
15-dic-10;11.8;12.012
14-dic-10;12.492;12.57
13-dic-10;12.578;12.6
10-dic-10;12.582;12.534
09-dic-10;12.482;12.786
08-dic-10;12.686;12.584
07-dic-10;12.574;12.53
06-dic-10;12.524;12.8
03-dic-10;12.73;12.29
02-dic-10;12.404;12.112
01-dic-10;12.074;11.592
30-nov-10;11.612;11.654
29-nov-10;11.482;11.6
26-nov-10;11.648;11.74
25-nov-10;11.98;12.1
24-nov-10;12.056;11.7
23-nov-10;11.734;11.82
22-nov-10;11.86;12.1
19-nov-10;12;11.9
18-nov-10;11.904;11.694
17-nov-10;11.642;11.584
16-nov-10;11.47;11.57
15-nov-10;11.586;11.342
12-nov-10;11.352;11.2
11-nov-10;11.33;11.11
10-nov-10;11.174;11.396
09-nov-10;11.4;11.416
08-nov-10;11.4;11.382
05-nov-10;11.438;11.718
04-nov-10;11.682;11.756
03-nov-10;11.692;11.794
02-nov-10;11.746;11.66
01-nov-10;11.788;12.1
29-oct-10;12.002;11.936
28-oct-10;11.87;11.978
27-oct-10;11.844;12.02
26-oct-10;11.962;12.014
25-oct-10;12.06;12.02
22-oct-10;11.908;11.846
21-oct-10;11.962;11.5
20-oct-10;11.624;11.692
19-oct-10;11.66;11.46
18-oct-10;11.582;11.64
15-oct-10;11.726;11.682
14-oct-10;11.644;11.64
13-oct-10;11.652;11.468
12-oct-10;11.56;11.46
11-oct-10;11.502;11.638
08-oct-10;11.686;11.75
07-oct-10;11.796;11.604
06-oct-10;11.65;11.768
05-oct-10;11.69;11.478
04-oct-10;11.442;11.444
01-oct-10;11.444;11.606
30-sep-10;11.654;11.582
29-sep-10;11.672;11.54
28-sep-10;11.688;11.654
27-sep-10;11.652;11.904
24-sep-10;11.964;11.4
23-sep-10;11.424;11.618
22-sep-10;11.4;11.678
21-sep-10;11.624;11.828
20-sep-10;11.73;11.482
17-sep-10;11.522;11.5
16-sep-10;11.406;11.502
15-sep-10;11.484;11.618
14-sep-10;11.604;11.532
13-sep-10;11.554;11.456
10-sep-10;11.322;11.44
09-sep-10;11.434;11.2
08-sep-10;11.234;11
07-sep-10;11.004;11.078
06-sep-10;11.114;11.15
03-sep-10;11.008;11.096
02-sep-10;11.02;10.96
01-sep-10;10.974;10.59
31-ago-10;10.53;10.3
30-ago-10;10.432;10.43
27-ago-10;10.472;10.286
26-ago-10;10.326;10.358
25-ago-10;10.33;10.48
24-ago-10;10.488;10.5
23-ago-10;10.556;10.41
20-ago-10;10.41;10.428
19-ago-10;10.394;10.578
18-ago-10;10.54;10.326
17-ago-10;10.38;10.208
16-ago-10;10.21;10.15
13-ago-10;10.092;10.15
12-ago-10;10.058;10.03
11-ago-10;10.016;10.074
10-ago-10;10.13;10.126
09-ago-10;10.186;10.184
06-ago-10;10.01;10.142
05-ago-10;10.156;10.232
04-ago-10;10.19;10.4
03-ago-10;10.32;10.154
02-ago-10;10.184;10.184
30-jul-10;10.15;10.218
29-jul-10;10.24;10.44
28-jul-10;10.332;10.4
27-jul-10;10.4;10.756
26-jul-10;10.664;10.64
23-jul-10;10.578;10.302
22-jul-10;10.32;10
21-jul-10;10.02;9.989
20-jul-10;9.94;9.918
19-jul-10;9.81;9.953
16-jul-10;9.996;10.104
15-jul-10;10.094;10.06
14-jul-10;10.132;10.12
13-jul-10;10.044;9.738
12-jul-10;9.766;9.911
09-jul-10;9.908;9.84
08-jul-10;9.75;9.828
07-jul-10;9.75;9.688
06-jul-10;9.737;9.555
05-jul-10;9.5;9.351
02-jul-10;9.39;9.22
01-jul-10;9.246;9.2
30-jun-10;9.417;9.369
29-jun-10;9.44;9.64
28-jun-10;9.762;9.709
25-jun-10;9.668;9.561
24-jun-10;9.539;9.782
23-jun-10;9.716;9.779
22-jun-10;9.904;9.8
21-jun-10;9.79;9.87
18-jun-10;9.817;9.68
17-jun-10;9.687;9.594
16-jun-10;9.52;9.522
15-jun-10;9.534;9.486
14-jun-10;9.46;9.716
11-jun-10;9.661;9.58
10-jun-10;9.464;9.315
09-jun-10;9.437;8.9
08-jun-10;8.775;8.96
07-jun-10;8.99;8.835
04-jun-10;8.97;9.126
03-jun-10;9.154;9.342
02-jun-10;9.125;9.02
01-jun-10;9.083;9.064
31-may-10;9.083;9.08
28-may-10;9.113;9.016
27-may-10;8.908;8.868
26-may-10;8.706;8.687
25-may-10;8.565;8.549
24-may-10;8.804;8.918
21-may-10;8.786;8.672
20-may-10;8.76;9.014
19-may-10;8.929;9.045
18-may-10;9.105;9.126
17-may-10;9.012;8.934
14-may-10;8.971;9.486
13-may-10;9.555;9.696
12-may-10;9.581;9.464
11-may-10;9.6;9.233
10-may-10;9.317;8.969
07-may-10;8.542;8.512
06-may-10;8.749;8.752
05-may-10;8.762;9.007
04-may-10;9.061;9.4
03-may-10;9.422;9.218
30-abr-10;9.326;9.44
29-abr-10;9.468;9.1
28-abr-10;9.142;9.397
27-abr-10;9.514;9.708
26-abr-10;9.767;9.8
23-abr-10;9.755;9.687
22-abr-10;9.662;9.72
21-abr-10;9.752;9.916
20-abr-10;9.839;9.836
19-abr-10;9.758;9.613
16-abr-10;9.706;9.87
15-abr-10;9.922;9.986
14-abr-10;9.987;9.85
13-abr-10;9.866;9.806
12-abr-10;9.887;9.98
09-abr-10;9.894;9.8
08-abr-10;9.78;9.744
07-abr-10;9.816;9.92
06-abr-10;10.064;9.98
01-abr-10;9.941;9.8
31-mar-10;9.761;9.756
30-mar-10;9.8;9.922
29-mar-10;9.922;9.898
26-mar-10;9.9;9.942
25-mar-10;9.947;9.813
24-mar-10;9.77;9.898
23-mar-10;9.796;9.816
22-mar-10;9.8;9.75
19-mar-10;9.758;9.668
18-mar-10;9.65;9.684
17-mar-10;9.708;9.61
16-mar-10;9.382;9.329
15-mar-10;9.276;9.4
12-mar-10;9.32;9.29
11-mar-10;9.29;9.327
10-mar-10;9.268;9.16
09-mar-10;9.144;9.186
08-mar-10;9.14;9.18
05-mar-10;9.101;8.94
04-mar-10;8.876;8.78
03-mar-10;8.807;8.736
02-mar-10;8.808;8.8
01-mar-10;8.862;8.728
26-feb-10;8.662;8.611
25-feb-10;8.594;8.6
24-feb-10;8.597;8.517
23-feb-10;8.461;8.554
22-feb-10;8.515;8.728
19-feb-10;8.732;8.444
18-feb-10;8.486;8.598
17-feb-10;8.611;8.714
16-feb-10;8.657;8.628
15-feb-10;8.587;8.56
12-feb-10;8.53;8.6
11-feb-10;8.445;8.6
10-feb-10;8.522;8.551
09-feb-10;8.578;8.42
08-feb-10;8.499;8.594
05-feb-10;8.619;8.401
04-feb-10;8.454;8.842
03-feb-10;8.853;9.139
02-feb-10;9.198;9.242
01-feb-10;9.241;9.071
29-ene-10;9.127;9.073
28-ene-10;9.056;8.966
27-ene-10;8.8;8.868
26-ene-10;8.948;8.776
25-ene-10;8.788;8.8
22-ene-10;8.88;8.92
21-ene-10;8.942;9.134
20-ene-10;9.052;9.153
19-ene-10;9.163;8.964
18-ene-10;8.99;8.957
15-ene-10;8.951;8.986
14-ene-10;8.967;8.891
13-ene-10;8.862;8.704
12-ene-10;8.711;8.758
11-ene-10;8.789;8.718
08-ene-10;8.638;8.595
07-ene-10;8.608;8.734
06-ene-10;8.736;8.732
05-ene-10;8.732;8.784
04-ene-10;8.79;8.696
30-dic-09;8.678;8.7
29-dic-09;8.678;8.694
28-dic-09;8.656;8.68
23-dic-09;8.6;8.702
22-dic-09;8.648;8.664
21-dic-09;8.686;8.756
18-dic-09;8.74;8.756
17-dic-09;8.73;8.9
16-dic-09;8.986;8.868
15-dic-09;8.916;8.782
14-dic-09;8.786;8.8
11-dic-09;8.74;8.56
10-dic-09;8.554;8.396
09-dic-09;8.254;8.4
08-dic-09;8.312;8.516
07-dic-09;8.572;8.49
04-dic-09;8.524;8.528
03-dic-09;8.52;8.516
02-dic-09;8.458;8.5
01-dic-09;8.56;8.576
30-nov-09;8.486;8.56
27-nov-09;8.478;8.31
26-nov-09;8.496;8.55
25-nov-09;8.616;8.618
24-nov-09;8.49;8.282
23-nov-09;8.366;8.328
20-nov-09;8.296;8.348
19-nov-09;8.348;8.632
18-nov-09;8.52;8.474
17-nov-09;8.488;8.54
16-nov-09;8.452;8.6
13-nov-09;8.59;8.614
12-nov-09;8.588;8.572
11-nov-09;8.576;8.57
10-nov-09;8.482;8.614
09-nov-09;8.66;8.402
06-nov-09;8.448;8.42
05-nov-09;8.458;8.23
04-nov-09;8.262;8
03-nov-09;7.974;7.8
02-nov-09;7.862;7.802
30-oct-09;8;7.968
29-oct-09;8.044;7.902
28-oct-09;7.986;7.968
27-oct-09;7.97;7.802
26-oct-09;7.822;7.898
23-oct-09;7.896;7.98
22-oct-09;7.92;7.822
21-oct-09;7.916;7.84
20-oct-09;7.896;8.06
19-oct-09;8.01;7.902
16-oct-09;7.86;7.93
15-oct-09;7.94;7.91
14-oct-09;7.942;7.858
13-oct-09;7.864;7.95
12-oct-09;7.94;7.912
09-oct-09;7.892;7.98
08-oct-09;7.96;7.908
07-oct-09;7.844;7.806
06-oct-09;7.83;7.722
05-oct-09;7.72;7.64
02-oct-09;7.708;7.6
01-oct-09;7.714;7.844
30-sep-09;7.842;8.07
29-sep-09;8.006;8.096
28-sep-09;8.058;8.018
25-sep-09;7.946;8
24-sep-09;8.012;8.082
23-sep-09;8.078;7.93
22-sep-09;7.93;8.02
21-sep-09;8.078;8.06
18-sep-09;8;8.002
17-sep-09;7.988;8.188
16-sep-09;8.116;7.92
15-sep-09;7.726;7.636
14-sep-09;7.646;7.446
11-sep-09;7.554;7.416
10-sep-09;7.406;7.524
09-sep-09;7.558;7.42
08-sep-09;7.446;7.438
07-sep-09;7.45;7.36
04-sep-09;7.304;7.26
03-sep-09;7.284;7.354
02-sep-09;7.386;7.41
01-sep-09;7.49;7.656
31-ago-09;7.592;7.478
28-ago-09;7.48;7.462
27-ago-09;7.374;7.52
26-ago-09;7.496;7.49
25-ago-09;7.526;7.5
24-ago-09;7.574;7.766
21-ago-09;7.604;7.45
20-ago-09;7.41;7.47
19-ago-09;7.5;7.464
18-ago-09;7.514;7.448
17-ago-09;7.46;7.652
14-ago-09;7.66;7.66
13-ago-09;7.692;7.558
12-ago-09;7.564;7.498
11-ago-09;7.55;7.654
10-ago-09;7.66;7.772
07-ago-09;7.69;7.538
06-ago-09;7.556;7.69
05-ago-09;7.514;7.672
04-ago-09;7.666;7.666
03-ago-09;7.656;7.54
31-jul-09;7.548;7.492
30-jul-09;7.556;7.45
29-jul-09;7.372;7.4
28-jul-09;7.424;7.484
27-jul-09;7.558;7.698
24-jul-09;7.616;7.58
23-jul-09;7.56;7.38
22-jul-09;7.34;7.36
21-jul-09;7.4;7.144
20-jul-09;7.144;6.96
17-jul-09;6.934;7
16-jul-09;6.962;6.844
15-jul-09;6.83;6.744
14-jul-09;6.76;6.732
13-jul-09;6.704;6.622
10-jul-09;6.654;6.72
09-jul-09;6.698;6.666
08-jul-09;6.64;6.6
07-jul-09;6.61;6.46
06-jul-09;6.61;6.608
03-jul-09;6.706;6.77
02-jul-09;6.762;6.96
01-jul-09;6.98;6.84
30-jun-09;6.834;6.766
29-jun-09;6.754;6.638
26-jun-09;6.678;6.768
25-jun-09;6.754;6.7
24-jun-09;6.722;6.5
23-jun-09;6.55;6.614
22-jun-09;6.598;6.698
19-jun-09;6.734;6.646
18-jun-09;6.72;6.812
17-jun-09;6.78;6.802
16-jun-09;6.8;6.81
15-jun-09;6.814;6.964
12-jun-09;7.002;7.142
11-jun-09;7.144;6.86
10-jun-09;6.86;6.84
09-jun-09;6.526;6.54
08-jun-09;6.462;6.388
05-jun-09;6.454;6.412
04-jun-09;6.406;6.48
03-jun-09;6.43;6.62
02-jun-09;6.548;6.34
01-jun-09;6.394;6.38
29-may-09;6.364;6.258
28-may-09;6.204;6.29
27-may-09;6.334;6.324
26-may-09;6.324;6.184
25-may-09;6.242;6.278
22-may-09;6.212;6.242
21-may-09;6.238;6.3
20-may-09;6.39;6.418
19-may-09;6.36;6.368
18-may-09;6.39;6.53
15-may-09;6.528;6.6
14-may-09;6.644;6.706
13-may-09;6.592;6.78
12-may-09;6.726;6.532
11-may-09;6.506;6.52
08-may-09;6.548;6.424
07-may-09;6.472;6.606
06-may-09;6.624;6.69
05-may-09;6.61;6.584
04-may-09;6.52;6.64
30-abr-09;6.478;6.57
29-abr-09;6.48;6.42
28-abr-09;6.326;6.4
27-abr-09;6.48;6.538
24-abr-09;6.586;6.5
23-abr-09;6.666;6.65
22-abr-09;6.698;6.286
21-abr-09;6.38;6.172
20-abr-09;6.276;6.57
17-abr-09;6.57;6.43
16-abr-09;6.592;6.724
15-abr-09;6.67;6.532
14-abr-09;6.576;6.52
09-abr-09;6.55;6.4
08-abr-09;6.34;6.228
07-abr-09;6.29;6.404
06-abr-09;6.34;6.526
03-abr-09;6.45;6.4
02-abr-09;6.502;6.216
01-abr-09;6.142;5.88
31-mar-09;5.87;5.694
30-mar-09;5.638;5.576
27-mar-09;5.754;5.6
26-mar-09;5.648;5.658
25-mar-09;5.602;5.408
24-mar-09;5.348;5.456
23-mar-09;5.402;5.538
20-mar-09;5.498;5.4
19-mar-09;5.446;5.45
18-mar-09;5.396;5.38
17-mar-09;5.316;5.26
16-mar-09;5.268;5.288
13-mar-09;5.146;5.26
12-mar-09;5.208;5.26
11-mar-09;5.188;5.058
10-mar-09;5.108;5.02
09-mar-09;4.92;5.02
06-mar-09;5.058;4.952
05-mar-09;4.952;5.4
04-mar-09;5.522;5.746
03-mar-09;5.708;5.73
02-mar-09;5.73;5.85
27-feb-09;5.986;5.9
26-feb-09;5.89;5.838
25-feb-09;5.832;5.976
24-feb-09;5.916;5.766
23-feb-09;5.854;5.918
20-feb-09;5.842;6
19-feb-09;6.034;5.992
18-feb-09;5.95;6.002
17-feb-09;5.956;6.244
16-feb-09;6.3;6.276
13-feb-09;6.34;6.258
12-feb-09;6.2;6.372
11-feb-09;6.428;6.16
10-feb-09;6.256;6.402
09-feb-09;6.482;6.278
06-feb-09;6.29;6.176
05-feb-09;6.122;6.096
04-feb-09;6.142;5.954
03-feb-09;5.918;5.956
02-feb-09;5.9;5.854
30-ene-09;5.976;5.852
29-ene-09;5.852;5.96
28-ene-09;5.982;5.918
27-ene-09;5.846;5.88
26-ene-09;5.88;5.808
23-ene-09;5.84;5.666
22-ene-09;5.684;5.78
21-ene-09;5.714;5.544
20-ene-09;5.544;5.682
19-ene-09;5.736;5.88
16-ene-09;5.806;5.664
15-ene-09;5.586;5.85
14-ene-09;5.822;6.13
13-ene-09;5.96;5.92
12-ene-09;5.98;6.1
09-ene-09;6.06;6.254
08-ene-09;6.17;6.486
07-ene-09;6.532;6.832
06-ene-09;6.85;6.772
05-ene-09;6.594;6.69
02-ene-09;6.688;6.4
30-dic-08;6.266;6.2
29-dic-08;6.178;6.28
23-dic-08;6.286;6.204
22-dic-08;6.226;6.43
19-dic-08;6.43;6.198
18-dic-08;6.22;6.238
17-dic-08;6.272;6.37
16-dic-08;6.286;6.418
15-dic-08;6.334;6.2
12-dic-08;6.166;5.952
11-dic-08;6.104;5.9
10-dic-08;5.84;5.81
09-dic-08;5.82;5.598
08-dic-08;5.6;5.286
05-dic-08;5.07;5.322
04-dic-08;5.388;5.14
03-dic-08;5.18;5.2
02-dic-08;5.2;5
01-dic-08;5.138;5.264
28-nov-08;5.26;5.31
27-nov-08;5.35;5.272
26-nov-08;5.22;5.21
25-nov-08;5.258;5.174
24-nov-08;5.212;4.88
21-nov-08;4.738;4.88
20-nov-08;4.832;4.798
19-nov-08;4.864;5
18-nov-08;4.982;5
17-nov-08;4.994;5.028
14-nov-08;5.04;5.302
13-nov-08;5.18;5.22
12-nov-08;5.292;5.414
11-nov-08;5.282;5.418
10-nov-08;5.474;5.704
07-nov-08;5.59;5.42
06-nov-08;5.46;5.462
05-nov-08;5.57;5.52
04-nov-08;5.626;5.492
03-nov-08;5.446;5.388
31-oct-08;5.272;5.136
30-oct-08;5.122;5.208
29-oct-08;5.116;5.3
28-oct-08;4.848;5.014
27-oct-08;4.978;4.926
24-oct-08;5.076;5.01
23-oct-08;5.19;5.276
22-oct-08;5.314;5.55
21-oct-08;5.588;5.806
20-oct-08;5.7;5.506
17-oct-08;5.562;5.552
16-oct-08;5.25;5.3
15-oct-08;5.494;5.6
14-oct-08;5.58;6.1
13-oct-08;5.966;5.646
10-oct-08;5.4;5.228
09-oct-08;5.478;5.508
08-oct-08;5.478;5.356
07-oct-08;5.588;5.588
06-oct-08;5.458;5.718
03-oct-08;5.818;5.658
02-oct-08;5.672;5.714
01-oct-08;5.78;5.95
30-sep-08;5.938;6
29-sep-08;6.212;6.392
26-sep-08;6.376;6.44
25-sep-08;6.494;6.38
24-sep-08;6.342;6.23
23-sep-08;6.226;6.222
22-sep-08;6.192;6.18
19-sep-08;6.3;6.042
18-sep-08;5.764;5.838
17-sep-08;5.808;5.94
16-sep-08;5.754;5.588
15-sep-08;5.55;5.4
12-sep-08;5.652;5.642
11-sep-08;5.532;5.62
10-sep-08;5.618;5.7
09-sep-08;5.632;5.92
08-sep-08;6.032;6.2
05-sep-08;5.958;6.11
04-sep-08;6.134;6.426
03-sep-08;6.41;6.6
02-sep-08;6.628;6.384
01-sep-08;6.358;6.36
29-ago-08;6.372;6.194
28-ago-08;6.19;6.18
27-ago-08;6.198;6.412
26-ago-08;6.372;6.09
25-ago-08;6.112;6.142
22-ago-08;6.21;5.93
21-ago-08;5.922;6.008
20-ago-08;6.128;6.052
19-ago-08;6.006;6.222
18-ago-08;6.3;6.382
15-ago-08;6.38;6.342
14-ago-08;6.28;6.226
13-ago-08;6.202;6.54
12-ago-08;6.618;6.634
11-ago-08;6.684;6.4
08-ago-08;6.414;6.324
07-ago-08;6.36;6.3
06-ago-08;6.412;6.32
05-ago-08;6.312;6.008
04-ago-08;6.012;5.902
01-ago-08;5.972;6
31-jul-08;6.21;6.11
30-jul-08;6.106;6.222
29-jul-08;6.102;5.99
28-jul-08;6.058;6
25-jul-08;5.984;6.06
24-jul-08;6.136;6.3
23-jul-08;6.084;5.96
22-jul-08;5.858;5.996
21-jul-08;6.08;6.06
18-jul-08;6.084;5.93
17-jul-08;5.982;5.798
16-jul-08;5.66;5.438
15-jul-08;5.45;5.654
14-jul-08;5.694;5.634
11-jul-08;5.578;5.866
10-jul-08;5.824;5.786
09-jul-08;5.904;5.7
08-jul-08;5.624;5.412
07-jul-08;5.546;5.55
04-jul-08;5.498;5.65
03-jul-08;5.65;5.538
02-jul-08;5.65;5.67
01-jul-08;5.678;5.848
30-jun-08;5.852;5.57
27-jun-08;5.676;5.622
26-jun-08;5.622;5.83
25-jun-08;5.822;5.818
24-jun-08;5.836;5.856
23-jun-08;5.89;5.966
20-jun-08;6;6.14
19-jun-08;6.102;5.926
18-jun-08;5.942;6.016
17-jun-08;6.016;6.014
16-jun-08;6.014;6.036
13-jun-08;6.034;6.068
12-jun-08;6.114;6.082
11-jun-08;6.102;6.258
10-jun-08;6.2;6.174
09-jun-08;6.26;6.184
06-jun-08;6.214;6.42
05-jun-08;6.482;6.49
04-jun-08;6.466;6.458
03-jun-08;6.446;6.18
30-may-08;6.324;6.224
29-may-08;6.214;6.346
28-may-08;6.34;6.35
27-may-08;6.306;6.5
26-may-08;6.468;6.478
23-may-08;6.494;6.704
22-may-08;6.698;6.66
21-may-08;6.726;6.898
20-may-08;6.856;6.986
19-may-08;7.05;7.096
16-may-08;7.08;7.178
15-may-08;7.12;6.946
14-may-08;7.014;6.974
13-may-08;6.96;7.05
12-may-08;6.98;6.85
09-may-08;6.962;7
08-may-08;7.048;7.078
07-may-08;7.132;7.152
06-may-08;7.138;7.216
05-may-08;7.22;7.182
02-may-08;7.186;7.11
30-abr-08;6.996;7.002
29-abr-08;7.026;7.308
28-abr-08;7.374;7.29
25-abr-08;7.272;7.18
24-abr-08;7.11;7.176
23-abr-08;7.176;7.166
22-abr-08;7.164;7.288
21-abr-08;7.364;7.512
18-abr-08;7.494;7.33
17-abr-08;7.282;7.388
16-abr-08;7.318;7.208
15-abr-08;7.154;7.122
14-abr-08;7.124;7.312
11-abr-08;7.328;7.458
10-abr-08;7.372;7.29
09-abr-08;7.38;7.262
08-abr-08;7.314;7.474
07-abr-08;7.482;7.578
04-abr-08;7.506;7.474
03-abr-08;7.412;7.69
02-abr-08;7.614;7.5
01-abr-08;7.516;6.932
31-mar-08;7.038;7
28-mar-08;7.108;7.232
27-mar-08;7.24;7.2
26-mar-08;7.2;6.94
25-mar-08;7.02;6.802
20-mar-08;6.606;6.45
19-mar-08;6.586;6.684
18-mar-08;6.624;6.586
17-mar-08;6.48;6.438
14-mar-08;6.636;6.626
13-mar-08;6.622;6.636
12-mar-08;6.73;6.722
11-mar-08;6.604;6.502
10-mar-08;6.482;6.494
07-mar-08;6.568;6.534
06-mar-08;6.626;6.712
05-mar-08;6.706;6.602
04-mar-08;6.564;6.752
03-mar-08;6.716;6.77
29-feb-08;6.87;6.876
28-feb-08;7.052;7.086
27-feb-08;7.088;6.99
26-feb-08;7.032;7.05
25-feb-08;7.014;6.96
22-feb-08;6.908;6.822
21-feb-08;6.89;6.856
20-feb-08;6.836;6.86
19-feb-08;6.914;6.8
18-feb-08;6.77;6.684
15-feb-08;6.69;6.85
14-feb-08;6.854;6.93
13-feb-08;6.84;6.61
12-feb-08;6.678;6.362
11-feb-08;6.292;6.454
08-feb-08;6.532;6.538
07-feb-08;6.548;6.512
06-feb-08;6.526;6.264
05-feb-08;6.458;6.75
04-feb-08;6.88;7.074
01-feb-08;6.99;6.798
31-ene-08;6.7;6.872
30-ene-08;6.914;7.1
29-ene-08;7.19;7.232
28-ene-08;7.236;7.122
25-ene-08;7.22;7.558
24-ene-08;7.338;7.2
23-ene-08;6.778;7.2
22-ene-08;6.994;6.266
21-ene-08;6.526;6.9
18-ene-08;6.974;6.8
17-ene-08;6.77;6.718
16-ene-08;6.67;6.41
15-ene-08;6.4;6.984
14-ene-08;7.02;6.948
11-ene-08;6.96;6.992
10-ene-08;7.028;7.122
09-ene-08;7.016;7.26
08-ene-08;7.476;7.302
07-ene-08;7.426;7.482
04-ene-08;7.68;8.076
03-ene-08;8.238;8.446
02-ene-08;8.434;8.41
28-dic-07;8.404;8.424
27-dic-07;8.46;8.502
21-dic-07;8.5;8.536
20-dic-07;8.468;8.492
19-dic-07;8.492;8.706
18-dic-07;8.704;8.796
17-dic-07;8.75;8.992
14-dic-07;9.062;9.018
13-dic-07;9.004;9.398
12-dic-07;9.44;9.35
11-dic-07;9.95;9.642
10-dic-07;9.624;9.526
07-dic-07;9.542;9.41
06-dic-07;9.396;9.43
05-dic-07;9.4;9.5
04-dic-07;9.42;9.63
03-dic-07;9.6;9.552
30-nov-07;9.524;9.922
29-nov-07;10.05;10.2
28-nov-07;10.17;9.81
27-nov-07;9.724;9.796
26-nov-07;9.796;9.982
23-nov-07;9.902;9.96
22-nov-07;9.934;9.954
21-nov-07;9.9;9.78
20-nov-07;9.864;9.558
19-nov-07;9.48;9.742
16-nov-07;9.73;9.926
15-nov-07;9.988;10.11
14-nov-07;10.11;10.15
13-nov-07;10;10.17
12-nov-07;10.25;10.12
09-nov-07;10.24;10.54
08-nov-07;10.49;10.53
07-nov-07;10.65;10.5
06-nov-07;10.45;10.48
05-nov-07;10.41;10.08
02-nov-07;10.13;10.12
01-nov-07;10.16;10.25
31-oct-07;10.27;10.01
30-oct-07;10;9.896
29-oct-07;9.968;10.1
26-oct-07;10.04;10.03
25-oct-07;10.01;10.05
24-oct-07;9.94;10.29
23-oct-07;10.31;10.01
22-oct-07;10.01;9.81
19-oct-07;10.01;10
18-oct-07;10.04;9.93
17-oct-07;9.99;9.866
16-oct-07;9.842;9.704
15-oct-07;9.72;9.776
12-oct-07;9.774;9.63
11-oct-07;9.78;9.762
10-oct-07;9.754;9.774
09-oct-07;9.77;9.75
08-oct-07;9.776;9.8
05-oct-07;9.93;9.766
04-oct-07;9.8;9.778
03-oct-07;9.788;9.846
02-oct-07;9.852;9.69
01-oct-07;9.606;9.16
28-sep-07;9.452;9.35
27-sep-07;9.38;9.356
26-sep-07;9.284;9.114
25-sep-07;9.06;9.19
24-sep-07;9.266;9.178
21-sep-07;9.18;9.16
20-sep-07;9.188;9.22
19-sep-07;9.24;8.988
18-sep-07;8.602;8.544
17-sep-07;8.58;8.662
14-sep-07;8.722;8.786
13-sep-07;8.868;8.73
12-sep-07;8.744;8.536
11-sep-07;8.494;8.29
10-sep-07;8.238;8.402
07-sep-07;8.396;8.652
06-sep-07;8.652;8.738
05-sep-07;8.718;8.83
04-sep-07;8.89;8.79
03-sep-07;8.82;8.616
31-ago-07;8.61;8.518
30-ago-07;8.476;8.524
29-ago-07;8.524;8.412
28-ago-07;8.506;8.582
27-ago-07;8.616;8.686
24-ago-07;8.67;8.426
23-ago-07;8.51;8.64
22-ago-07;8.58;8.542
21-ago-07;8.494;8.536
20-ago-07;8.552;8.398
17-ago-07;8.44;8.302
16-ago-07;8.46;8.632
15-ago-07;8.816;8.75
14-ago-07;8.838;8.88
13-ago-07;8.97;9.11
10-ago-07;9.004;9.002
09-ago-07;9.128;9.108
08-ago-07;9.118;8.888
07-ago-07;8.846;8.93
06-ago-07;8.828;8.634
03-ago-07;8.664;8.704
02-ago-07;8.676;8.684
01-ago-07;8.62;8.586
31-jul-07;8.874;8.802
30-jul-07;8.776;8.692
27-jul-07;8.66;8.48
26-jul-07;8.634;8.86
25-jul-07;8.862;8.814
24-jul-07;8.886;8.912
23-jul-07;8.914;8.974
20-jul-07;8.956;8.968
19-jul-07;8.994;8.958
18-jul-07;8.944;9
17-jul-07;9.064;9.002
16-jul-07;8.996;9.008
13-jul-07;9.006;9.036
12-jul-07;8.98;8.842
11-jul-07;8.846;8.838
10-jul-07;8.974;8.964
09-jul-07;8.944;9.034
06-jul-07;8.978;8.816
05-jul-07;8.84;8.858
04-jul-07;8.824;8.724
03-jul-07;8.704;8.734
02-jul-07;8.686;8.71
29-jun-07;8.754;8.724
28-jun-07;8.636;8.66
27-jun-07;8.578;8.592
26-jun-07;8.662;8.5
25-jun-07;8.604;8.552
22-jun-07;8.628;8.74
21-jun-07;8.734;8.746
20-jun-07;8.82;8.82
19-jun-07;8.818;8.93
18-jun-07;8.97;9.238
15-jun-07;9.202;9.122
14-jun-07;9.122;9.12
13-jun-07;9.05;9.07
12-jun-07;8.92;8.95
11-jun-07;8.976;8.964
08-jun-07;8.868;8.6
07-jun-07;8.666;8.892
06-jun-07;8.84;9.166
05-jun-07;9.19;9.36
04-jun-07;9.38;9.42
01-jun-07;9.41;9.34
31-may-07;9.382;9.47
30-may-07;9.352;9.36
29-may-07;9.4;9.478
28-may-07;9.446;9.396
25-may-07;9.35;9.37
24-may-07;9.422;9.424
23-may-07;9.498;9.478
22-may-07;9.434;9.432
21-may-07;9.47;9.598
18-may-07;9.556;9.566
17-may-07;9.598;9.476
16-may-07;9.492;9.39
15-may-07;9.382;9.392
14-may-07;9.394;9.4
11-may-07;9.344;9.19
10-may-07;9.22;9.24
09-may-07;9.216;9.22
08-may-07;9.17;9.318
07-may-07;9.272;9.202
04-may-07;9.22;9.112
03-may-07;9.142;9.146
02-may-07;9.21;9.16
30-abr-07;9.076;9
27-abr-07;9.042;9.236
26-abr-07;9.236;9.35
25-abr-07;9.26;9.204
24-abr-07;9.214;9.55
23-abr-07;9.55;9.452
20-abr-07;9.464;9.428
19-abr-07;9.37;9.4
18-abr-07;9.48;9.51
17-abr-07;9.502;9.614
16-abr-07;9.61;9.574
13-abr-07;9.47;9.458
12-abr-07;9.436;9.5
11-abr-07;9.51;9.58
10-abr-07;9.552;9.56
05-abr-07;9.53;9.448
04-abr-07;9.402;9.442
03-abr-07;9.44;9.538
02-abr-07;9.496;9.346
30-mar-07;9.306;9.296
29-mar-07;9.194;9.13
28-mar-07;9.098;9.058
27-mar-07;9.084;9.09
26-mar-07;9.028;8.97
23-mar-07;8.978;8.924
22-mar-07;8.9;9.08
21-mar-07;8.816;9.228
20-mar-07;9.108;9.118
19-mar-07;9.032;8.9
16-mar-07;8.86;8.8
15-mar-07;8.83;8.636
14-mar-07;8.572;8.5
13-mar-07;8.73;8.9
12-mar-07;8.9;8.9
09-mar-07;8.89;8.798
08-mar-07;8.78;8.78
07-mar-07;8.702;8.76
06-mar-07;8.638;8.466
05-mar-07;8.496;8.538
02-mar-07;8.652;8.696
01-mar-07;8.67;8.75
28-feb-07;8.798;8.37
27-feb-07;8.646;8.91
26-feb-07;8.992;9.026
23-feb-07;8.994;9.13
22-feb-07;9.062;8.948
21-feb-07;8.94;9.062
20-feb-07;9.04;9.15
19-feb-07;9.164;9.19
16-feb-07;9.176;9.16
15-feb-07;9.074;8.936
14-feb-07;8.952;8.912
13-feb-07;8.942;8.888
12-feb-07;8.836;8.896
09-feb-07;8.896;8.85
08-feb-07;8.84;8.718
07-feb-07;8.718;8.628
06-feb-07;8.672;8.634
05-feb-07;8.686;8.658
02-feb-07;8.66;8.832
01-feb-07;8.79;8.768
31-ene-07;8.694;8.442
30-ene-07;8.538;8.42
29-ene-07;8.42;8.24
26-ene-07;8.2;8.17
25-ene-07;8.364;8.22
24-ene-07;8.214;8.278
23-ene-07;8.28;8.26
22-ene-07;8.28;8.296
19-ene-07;8.306;8.22
18-ene-07;8.228;8.182
17-ene-07;8.186;8.216
16-ene-07;8.23;8.23
15-ene-07;8.282;8.266
12-ene-07;8.29;8.28
11-ene-07;8.362;8.188
10-ene-07;8.192;8.15
09-ene-07;8.112;8.182
08-ene-07;8.122;8.09
05-ene-07;8.098;8.12
04-ene-07;8.16;8.122
03-ene-07;8.164;8.188
02-ene-07;8.158;8.234
29-dic-06;8.162;8.2
28-dic-06;8.178;8.18
27-dic-06;8.202;8.044
22-dic-06;8.044;8.06
21-dic-06;8.122;8.11
20-dic-06;8.19;8.2
19-dic-06;8.156;8.262
18-dic-06;8.268;8.328
15-dic-06;8.34;8.4
14-dic-06;8.312;8.25
13-dic-06;8.314;8.08
12-dic-06;7.918;7.87
11-dic-06;7.89;7.796
08-dic-06;7.72;7.672
07-dic-06;7.66;7.614
06-dic-06;7.616;7.69
05-dic-06;7.642;7.58
04-dic-06;7.554;7.456
01-dic-06;7.444;7.71
30-nov-06;7.654;7.8
29-nov-06;7.8;7.766
28-nov-06;7.698;7.68
27-nov-06;7.672;7.866
24-nov-06;7.898;8.014
23-nov-06;8.016;7.948
22-nov-06;7.92;7.868
21-nov-06;7.85;7.858
20-nov-06;7.858;7.898
17-nov-06;7.904;7.71
16-nov-06;7.674;7.576
15-nov-06;7.59;7.59
14-nov-06;7.526;7.428
13-nov-06;7.48;7.554
10-nov-06;7.506;7.54
09-nov-06;7.558;7.57
08-nov-06;7.542;7.558
07-nov-06;7.594;7.564
06-nov-06;7.52;7.57
03-nov-06;7.48;7.538
02-nov-06;7.51;7.536
01-nov-06;7.506;7.52
31-oct-06;7.492;7.512
30-oct-06;7.504;7.52
27-oct-06;7.542;7.502
26-oct-06;7.478;7.6
25-oct-06;7.578;7.592
24-oct-06;7.614;7.6
23-oct-06;7.592;7.65
20-oct-06;7.61;7.516
19-oct-06;7.488;7.442
18-oct-06;7.464;7.35
17-oct-06;7.39;7.588
16-oct-06;7.544;7.466
13-oct-06;7.484;7.52
12-oct-06;7.51;7.494
11-oct-06;7.51;7.546
10-oct-06;7.518;7.532
09-oct-06;7.45;7.398
06-oct-06;7.39;7.392
05-oct-06;7.364;7.4
04-oct-06;7.334;7.3
03-oct-06;7.278;7.302
02-oct-06;7.266;7.368
29-sep-06;7.352;7.266
28-sep-06;7.248;7.1
27-sep-06;7.1;6.958
26-sep-06;7.01;6.94
25-sep-06;6.9;6.918
22-sep-06;6.87;6.91
21-sep-06;6.952;6.92
20-sep-06;6.814;6.884
19-sep-06;6.934;6.944
18-sep-06;6.928;7.046
15-sep-06;7.05;7.058
14-sep-06;7.048;7.122
13-sep-06;7.09;7.088
12-sep-06;7.066;7.042
11-sep-06;7.036;7.14
08-sep-06;7.134;7.084
07-sep-06;7.058;7.034
06-sep-06;7.038;7.058
05-sep-06;7.066;7.08
04-sep-06;7.06;7.092
01-sep-06;7.07;7.056
31-ago-06;7.042;7.076
30-ago-06;7.03;7.002
29-ago-06;6.974;6.884
28-ago-06;6.87;6.878
25-ago-06;6.838;6.902
24-ago-06;6.866;6.93
23-ago-06;6.904;6.906
22-ago-06;6.884;6.946
21-ago-06;6.916;6.908
18-ago-06;6.95;6.976
17-ago-06;6.972;6.92
16-ago-06;6.958;6.81
15-ago-06;6.844;6.682
14-ago-06;6.722;6.75
11-ago-06;6.712;6.704
10-ago-06;6.706;6.73
09-ago-06;6.782;6.814
08-ago-06;6.778;6.848
07-ago-06;6.848;6.868
04-ago-06;6.918;6.808
03-ago-06;6.804;6.864
02-ago-06;6.882;6.806
01-ago-06;6.786;6.812
31-jul-06;6.802;6.758
28-jul-06;6.786;6.716
27-jul-06;6.746;6.772
26-jul-06;6.734;6.79
25-jul-06;6.724;6.78
24-jul-06;6.742;6.554
21-jul-06;6.52;6.594
20-jul-06;6.69;6.642
19-jul-06;6.628;6.488
18-jul-06;6.478;6.47
17-jul-06;6.496;6.532
14-jul-06;6.508;6.538
13-jul-06;6.564;6.566
12-jul-06;6.57;6.45
11-jul-06;6.442;6.436
10-jul-06;6.452;6.392
07-jul-06;6.394;6.47
06-jul-06;6.488;6.466
05-jul-06;6.442;6.52
04-jul-06;6.586;6.632
03-jul-06;6.604;6.64
30-jun-06;6.596;6.582
29-jun-06;6.576;6.46
28-jun-06;6.424;6.466
27-jun-06;6.472;6.496
26-jun-06;6.47;6.38
23-jun-06;6.34;6.32
22-jun-06;6.36;6.39
21-jun-06;6.326;6.232
20-jun-06;6.23;6.274
19-jun-06;6.286;6.198
16-jun-06;6.172;6.332
15-jun-06;6.294;6.168
14-jun-06;6.202;5.934
13-jun-06;5.76;5.804
12-jun-06;5.898;5.906
09-jun-06;5.924;5.918
08-jun-06;5.888;5.95
07-jun-06;6.058;6.042
06-jun-06;6.03;6.034
05-jun-06;6.108;6.172
02-jun-06;6.1;6.17
01-jun-06;6.162;6.192
31-may-06;6.188;6.144
30-may-06;6.05;6.138
29-may-06;6.158;6.12
26-may-06;6.164;6.112
25-may-06;6.112;5.99
24-may-06;5.982;6.044
23-may-06;6.168;6.09
22-may-06;6.088;6.25
19-may-06;6.28;6.264
18-may-06;6.24;6.17
17-may-06;6.2;6.51
16-may-06;6.476;6.424
15-may-06;6.452;6.43
12-may-06;6.474;6.638
11-may-06;6.648;6.6
10-may-06;6.618;6.632
09-may-06;6.666;6.742
08-may-06;6.732;6.704
05-may-06;6.66;6.724
04-may-06;6.71;6.672
03-may-06;6.632;6.64
02-may-06;6.626;6.42
28-abr-06;6.45;6.482
27-abr-06;6.518;6.57
26-abr-06;6.56;6.51
25-abr-06;6.466;6.48
24-abr-06;6.494;6.53
21-abr-06;6.546;6.572
20-abr-06;6.578;6.502
19-abr-06;6.548;6.43
18-abr-06;6.41;6.36
13-abr-06;6.36;6.384
12-abr-06;6.352;6.32
11-abr-06;6.35;6.37
10-abr-06;6.37;6.338
07-abr-06;6.374;6.502
06-abr-06;6.488;6.476
05-abr-06;6.466;6.378
04-abr-06;6.376;6.524
03-abr-06;6.52;6.436
31-mar-06;6.37;6.374
30-mar-06;6.374;6.334
29-mar-06;6.288;6.106
28-mar-06;6.08;6.03
27-mar-06;6.03;6.072
24-mar-06;6.06;6.078
23-mar-06;6.04;6.05
22-mar-06;6.074;6.002
21-mar-06;6.05;6.09
20-mar-06;6.09;6.066
17-mar-06;6.04;6.048
16-mar-06;6.07;6.034
15-mar-06;6.044;6.002
14-mar-06;6.01;6.046
13-mar-06;6.016;6.044
10-mar-06;6;5.972
09-mar-06;6.03;6.056
08-mar-06;6.02;6.084
07-mar-06;6.058;6.15
06-mar-06;6.174;6.138
03-mar-06;6.17;6.134
02-mar-06;6.166;6.128
01-mar-06;6.114;6.02
28-feb-06;6.026;5.958
27-feb-06;5.958;5.976
24-feb-06;5.944;5.866
23-feb-06;5.882;5.854
22-feb-06;5.848;5.88
21-feb-06;5.852;5.978
20-feb-06;5.886;5.86
17-feb-06;5.852;5.86
16-feb-06;5.832;5.824
15-feb-06;5.792;5.8
14-feb-06;5.77;5.78
13-feb-06;5.78;5.77
10-feb-06;5.722;5.78
09-feb-06;5.78;5.738
08-feb-06;5.73;5.672
07-feb-06;5.706;5.74
06-feb-06;5.7;5.736
03-feb-06;5.736;5.716
02-feb-06;5.718;5.656
01-feb-06;5.67;5.646
31-ene-06;5.654;5.678
30-ene-06;5.648;5.6
27-ene-06;5.592;5.556
26-ene-06;5.54;5.47
25-ene-06;5.466;5.386
24-ene-06;5.338;5.342
23-ene-06;5.374;5.344
20-ene-06;5.398;5.404
19-ene-06;5.412;5.428
18-ene-06;5.416;5.41
17-ene-06;5.462;5.47
16-ene-06;5.522;5.548
13-ene-06;5.54;5.62
12-ene-06;5.622;5.6
11-ene-06;5.6;5.516
10-ene-06;5.462;5.492
09-ene-06;5.524;5.496
05-ene-06;5.502;5.5
04-ene-06;5.49;5.568
03-ene-06;5.528;5.59
02-ene-06;5.57;5.51
30-dic-05;5.51;5.49
29-dic-05;5.52;5.484
28-dic-05;5.484;5.444
27-dic-05;5.492;5.46
23-dic-05;5.472;5.448
22-dic-05;5.42;5.454
21-dic-05;5.432;5.412
20-dic-05;5.42;5.37
19-dic-05;5.38;5.368
16-dic-05;5.422;5.27
15-dic-05;5.28;5.08
14-dic-05;5.07;5.168
13-dic-05;5.13;5.18
12-dic-05;5.156;5.13
09-dic-05;5.1;5.1
08-dic-05;5.108;5.06
07-dic-05;5.06;5.034
06-dic-05;5.02;5.07
05-dic-05;5.036;5.076
02-dic-05;5.062;5
01-dic-05;5;5.012
30-nov-05;4.99;5.02
29-nov-05;5.014;5
28-nov-05;5;5
25-nov-05;5.008;4.992
24-nov-05;5.016;5.038
23-nov-05;4.984;4.92
22-nov-05;4.902;4.836
21-nov-05;4.844;4.85
18-nov-05;4.86;4.838
17-nov-05;4.816;4.76
16-nov-05;4.76;4.77
15-nov-05;4.788;4.79
14-nov-05;4.802;4.746
11-nov-05;4.76;4.77
10-nov-05;4.76;4.842
09-nov-05;4.854;4.834
08-nov-05;4.862;4.854
07-nov-05;4.866;4.87
04-nov-05;4.848;4.896
03-nov-05;4.88;4.95
02-nov-05;4.908;4.914
01-nov-05;4.94;4.96
31-oct-05;4.938;4.874
28-oct-05;4.846;4.952
27-oct-05;4.94;4.914
26-oct-05;4.956;4.936
25-oct-05;4.96;4.94
24-oct-05;4.938;4.866
21-oct-05;4.836;4.866
20-oct-05;4.86;4.78
19-oct-05;4.804;4.88
18-oct-05;4.84;4.882
17-oct-05;4.85;4.9
14-oct-05;4.9;4.932
13-oct-05;4.924;4.898
12-oct-05;4.952;4.996
11-oct-05;4.986;4.9
10-oct-05;4.928;4.86
07-oct-05;4.884;4.876
06-oct-05;4.86;4.85
05-oct-05;4.89;4.89
04-oct-05;4.916;4.932
03-oct-05;4.946;4.884
30-sep-05;4.884;4.91
29-sep-05;4.902;4.96
28-sep-05;4.95;4.948
27-sep-05;4.912;4.958
26-sep-05;4.942;4.856
23-sep-05;4.906;4.88
22-sep-05;4.87;4.85
21-sep-05;4.816;4.74
20-sep-05;4.59;4.652
19-sep-05;4.622;4.614
16-sep-05;4.628;4.66
15-sep-05;4.644;4.66
14-sep-05;4.65;4.638
13-sep-05;4.652;4.662
12-sep-05;4.68;4.714
09-sep-05;4.69;4.694
08-sep-05;4.68;4.682
07-sep-05;4.686;4.6
06-sep-05;4.586;4.51
05-sep-05;4.528;4.484
02-sep-05;4.476;4.438
01-sep-05;4.442;4.438
31-ago-05;4.42;4.366
30-ago-05;4.348;4.308
29-ago-05;4.308;4.28
26-ago-05;4.306;4.348
25-ago-05;4.312;4.364
24-ago-05;4.376;4.4
23-ago-05;4.4;4.38
22-ago-05;4.404;4.416
19-ago-05;4.394;4.398
18-ago-05;4.374;4.376
17-ago-05;4.356;4.348
16-ago-05;4.36;4.36
15-ago-05;4.342;4.3
12-ago-05;4.308;4.336
11-ago-05;4.304;4.316
10-ago-05;4.34;4.29
09-ago-05;4.33;4.322
08-ago-05;4.326;4.34
05-ago-05;4.316;4.3
04-ago-05;4.316;4.4
03-ago-05;4.392;4.358
02-ago-05;4.372;4.37
01-ago-05;4.386;4.438
29-jul-05;4.408;4.46
28-jul-05;4.454;4.452
27-jul-05;4.46;4.43
26-jul-05;4.448;4.44
25-jul-05;4.44;4.41
22-jul-05;4.41;4.398
21-jul-05;4.424;4.466
20-jul-05;4.54;4.49
19-jul-05;4.466;4.46
18-jul-05;4.44;4.432
15-jul-05;4.428;4.43
14-jul-05;4.382;4.334
13-jul-05;4.344;4.24
12-jul-05;4.266;4.248
11-jul-05;4.232;4.24
08-jul-05;4.216;4.226
07-jul-05;4.164;4.248
06-jul-05;4.25;4.266
05-jul-05;4.27;4.246
04-jul-05;4.246;4.27
01-jul-05;4.272;4.24
30-jun-05;4.256;4.33
29-jun-05;4.312;4.34
28-jun-05;4.326;4.348
27-jun-05;4.332;4.32
24-jun-05;4.33;4.332
23-jun-05;4.348;4.34
22-jun-05;4.36;4.388
21-jun-05;4.374;4.394
20-jun-05;4.372;4.376
17-jun-05;4.36;4.36
16-jun-05;4.34;4.338
15-jun-05;4.308;4.298
14-jun-05;4.268;4.33
13-jun-05;4.32;4.526
10-jun-05;4.626;4.562
09-jun-05;4.534;4.532
08-jun-05;4.512;4.53
07-jun-05;4.526;4.556
06-jun-05;4.554;4.64
03-jun-05;4.65;4.65
02-jun-05;4.65;4.68
01-jun-05;4.68;4.624
31-may-05;4.608;4.652
30-may-05;4.618;4.582
27-may-05;4.6;4.66
26-may-05;4.658;4.66
25-may-05;4.67;4.68
24-may-05;4.686;4.734
23-may-05;4.728;4.81
20-may-05;4.78;4.79
19-may-05;4.786;4.778
18-may-05;4.77;4.694
17-may-05;4.694;4.726
16-may-05;4.722;4.742
13-may-05;4.722;4.694
12-may-05;4.738;4.71
11-may-05;4.71;4.684
10-may-05;4.7;4.74
09-may-05;4.722;4.724
06-may-05;4.706;4.67
05-may-05;4.696;4.71
04-may-05;4.712;4.638
03-may-05;4.664;4.636
02-may-05;4.66;4.592
29-abr-05;4.592;4.6
28-abr-05;4.6;4.578
27-abr-05;4.586;4.7
26-abr-05;4.696;4.684
25-abr-05;4.69;4.64
22-abr-05;4.68;4.668
21-abr-05;4.66;4.642
20-abr-05;4.64;4.6
19-abr-05;4.606;4.588
18-abr-05;4.57;4.55
15-abr-05;4.628;4.66
14-abr-05;4.68;4.648
13-abr-05;4.658;4.63
12-abr-05;4.61;4.6
11-abr-05;4.628;4.636
08-abr-05;4.648;4.698
07-abr-05;4.68;4.658
06-abr-05;4.666;4.644
05-abr-05;4.64;4.658
04-abr-05;4.62;4.678
01-abr-05;4.678;4.76
31-mar-05;4.614;4.588
30-mar-05;4.562;4.51
29-mar-05;4.532;4.566
24-mar-05;4.608;4.57
23-mar-05;4.562;4.544
22-mar-05;4.59;4.59
21-mar-05;4.57;4.55
18-mar-05;4.552;4.534
17-mar-05;4.552;4.51
16-mar-05;4.55;4.618
15-mar-05;4.654;4.6
14-mar-05;4.6;4.536
11-mar-05;4.558;4.54
10-mar-05;4.536;4.544
09-mar-05;4.588;4.66
08-mar-05;4.682;4.752
07-mar-05;4.75;4.754
04-mar-05;4.702;4.63
03-mar-05;4.632;4.678
02-mar-05;4.63;4.65
01-mar-05;4.65;4.688
28-feb-05;4.664;4.7
25-feb-05;4.698;4.664
24-feb-05;4.62;4.63
23-feb-05;4.642;4.68
22-feb-05;4.644;4.68
21-feb-05;4.698;4.696
18-feb-05;4.7;4.614
17-feb-05;4.614;4.538
16-feb-05;4.55;4.57
15-feb-05;4.554;4.484
14-feb-05;4.484;4.522
11-feb-05;4.492;4.474
10-feb-05;4.464;4.452
09-feb-05;4.474;4.51
08-feb-05;4.526;4.508
07-feb-05;4.478;4.52
04-feb-05;4.516;4.4
03-feb-05;4.462;4.358
02-feb-05;4.364;4.36
01-feb-05;4.348;4.34
31-ene-05;4.344;4.356
28-ene-05;4.316;4.324
27-ene-05;4.33;4.352
26-ene-05;4.348;4.356
25-ene-05;4.368;4.312
24-ene-05;4.324;4.286
21-ene-05;4.318;4.31
20-ene-05;4.332;4.308
19-ene-05;4.374;4.384
18-ene-05;4.376;4.33
17-ene-05;4.34;4.376
14-ene-05;4.36;4.31
13-ene-05;4.32;4.252
12-ene-05;4.258;4.278
11-ene-05;4.242;4.26
10-ene-05;4.212;4.2
07-ene-05;4.194;4.22
05-ene-05;4.236;4.29
04-ene-05;4.296;4.39
03-ene-05;4.382;4.322
30-dic-04;4.34;4.336
29-dic-04;4.35;4.344
28-dic-04;4.346;4.302
27-dic-04;4.304;4.312
23-dic-04;4.318;4.302
22-dic-04;4.32;4.312
21-dic-04;4.276;4.298
20-dic-04;4.294;4.36
17-dic-04;4.356;4.334
16-dic-04;4.36;4.356
15-dic-04;4.33;4.396
14-dic-04;4.352;4.37
13-dic-04;4.37;4.38
10-dic-04;4.42;4.394
09-dic-04;4.356;4.44
07-dic-04;4.4;4.428
03-dic-04;4.402;4.4
02-dic-04;4.424;4.4
01-dic-04;4.388;4.386
30-nov-04;4.404;4.41
29-nov-04;4.404;4.378
26-nov-04;4.386;4.354
25-nov-04;4.392;4.328
24-nov-04;4.346;4.34
23-nov-04;4.298;4.242
22-nov-04;4.2;4.086
19-nov-04;4.234;4.23
18-nov-04;4.216;4.126
17-nov-04;4.142;4.066
16-nov-04;4.052;4.092
15-nov-04;4.07;4.086
12-nov-04;4.076;4.07
11-nov-04;4.05;4.06
10-nov-04;4.04;4.058
09-nov-04;4.04;4.026
08-nov-04;4.044;4.022
05-nov-04;4.022;4.01
04-nov-04;3.99;4.012
03-nov-04;4.012;4.04
02-nov-04;4.022;3.984
29-oct-04;3.984;4
28-oct-04;3.99;3.99
27-oct-04;3.988;3.96
26-oct-04;3.96;3.984
25-oct-04;3.958;3.976
22-oct-04;3.988;4
21-oct-04;4.006;4.018
20-oct-04;4;4.004
19-oct-04;4;3.992
18-oct-04;3.986;3.99
15-oct-04;3.99;3.952
14-oct-04;3.962;3.978
13-oct-04;3.98;3.99
11-oct-04;4;4.02
08-oct-04;4.026;3.992
07-oct-04;4.024;4.058
06-oct-04;4.048;4.05
05-oct-04;4.05;4.04
04-oct-04;4.05;4.004
01-oct-04;3.998;3.994
30-sep-04;3.98;4.03
29-sep-04;4.014;4.004
28-sep-04;3.986;3.97
27-sep-04;3.972;3.972
24-sep-04;3.992;4.01
23-sep-04;4.036;4.06
22-sep-04;3.968;4.01
21-sep-04;4.018;4.052
20-sep-04;4.034;4.086
17-sep-04;4.064;4.038
16-sep-04;4;3.956
15-sep-04;3.94;3.944
14-sep-04;3.924;3.902
13-sep-04;3.92;3.9
10-sep-04;3.898;3.914
09-sep-04;3.9;3.876
08-sep-04;3.902;3.91
07-sep-04;3.92;3.902
06-sep-04;3.916;3.89
03-sep-04;3.898;3.87
02-sep-04;3.88;3.832
01-sep-04;3.83;3.794
31-ago-04;3.778;3.81
30-ago-04;3.816;3.798
27-ago-04;3.8;3.778
26-ago-04;3.78;3.726
25-ago-04;3.698;3.728
24-ago-04;3.71;3.688
23-ago-04;3.676;3.678
20-ago-04;3.654;3.646
19-ago-04;3.644;3.714
18-ago-04;3.688;3.69
17-ago-04;3.684;3.636
13-ago-04;3.632;3.608
12-ago-04;3.626;3.62
11-ago-04;3.616;3.682
10-ago-04;3.656;3.624
09-ago-04;3.628;3.614
06-ago-04;3.626;3.696
05-ago-04;3.714;3.76
04-ago-04;3.74;3.752
03-ago-04;3.792;3.778
02-ago-04;3.794;3.8
30-jul-04;3.804;3.8
29-jul-04;3.8;3.778
28-jul-04;3.78;3.778
27-jul-04;3.74;3.68
26-jul-04;3.668;3.74
23-jul-04;3.758;3.75
22-jul-04;3.734;3.746
21-jul-04;3.816;3.832
20-jul-04;3.81;3.8
19-jul-04;3.798;3.772
16-jul-04;3.79;3.754
15-jul-04;3.744;3.822
14-jul-04;3.82;3.86
13-jul-04;3.866;3.88
12-jul-04;3.86;3.88
09-jul-04;3.864;3.88
08-jul-04;3.892;3.934
07-jul-04;3.93;3.852
06-jul-04;3.842;3.83
05-jul-04;3.832;3.836
02-jul-04;3.86;3.83
01-jul-04;3.854;3.8
30-jun-04;3.772;3.838
29-jun-04;3.84;3.876
28-jun-04;3.878;3.81
25-jun-04;3.838;3.822
24-jun-04;3.84;3.84
23-jun-04;3.836;3.776
22-jun-04;3.774;3.814
21-jun-04;3.84;3.812
18-jun-04;3.84;3.74
17-jun-04;3.768;3.782
16-jun-04;3.76;3.768
15-jun-04;3.776;3.798
14-jun-04;3.782;3.84
11-jun-04;3.85;3.7
10-jun-04;3.808;3.814
09-jun-04;3.81;3.8
08-jun-04;3.788;3.804
07-jun-04;3.798;3.73
04-jun-04;3.76;3.702
03-jun-04;3.694;3.76
02-jun-04;3.762;3.72
01-jun-04;3.712;3.76
31-may-04;3.79;3.736
28-may-04;3.768;3.8
27-may-04;3.772;3.778
26-may-04;3.752;3.73
25-may-04;3.706;3.682
24-may-04;3.71;3.7
21-may-04;3.68;3.69
20-may-04;3.682;3.688
19-may-04;3.696;3.678
18-may-04;3.67;3.608
17-may-04;3.604;3.596
14-may-04;3.63;3.602
13-may-04;3.604;3.536
12-may-04;3.54;3.52
11-may-04;3.494;3.522
10-may-04;3.522;3.546
07-may-04;3.556;3.61
06-may-04;3.622;3.66
05-may-04;3.644;3.7
04-may-04;3.7;3.662
03-may-04;3.644;3.63
30-abr-04;3.628;3.636
29-abr-04;3.636;3.612
28-abr-04;3.64;3.68
27-abr-04;3.666;3.67
26-abr-04;3.67;3.7
23-abr-04;3.688;3.716
22-abr-04;3.684;3.7
21-abr-04;3.68;3.688
20-abr-04;3.742;3.808
19-abr-04;3.812;3.85
16-abr-04;3.874;3.84
15-abr-04;3.834;3.818
14-abr-04;3.846;3.842
13-abr-04;3.88;3.74
08-abr-04;3.77;3.75
07-abr-04;3.74;3.668
06-abr-04;3.69;3.768
05-abr-04;3.75;3.726
02-abr-04;3.758;3.746
01-abr-04;3.73;3.748
31-mar-04;3.76;3.75
30-mar-04;3.756;3.722
29-mar-04;3.738;3.644
26-mar-04;3.696;3.71
25-mar-04;3.71;3.624
24-mar-04;3.28;3.2
23-mar-04;3.184;3.228
22-mar-04;3.208;3.262
19-mar-04;3.294;3.3
18-mar-04;3.282;3.342
17-mar-04;3.332;3.37
16-mar-04;3.316;3.246
15-mar-04;3.276;3.33
12-mar-04;3.402;3.34
11-mar-04;3.44;3.462
10-mar-04;3.52;3.422
09-mar-04;3.452;3.506
08-mar-04;3.51;3.538
05-mar-04;3.52;3.54
04-mar-04;3.54;3.506
03-mar-04;3.504;3.564
02-mar-04;3.588;3.586
01-mar-04;3.586;3.556
27-feb-04;3.52;3.578
26-feb-04;3.572;3.504
25-feb-04;3.496;3.492
24-feb-04;3.49;3.53
23-feb-04;3.51;3.438
20-feb-04;3.42;3.4
19-feb-04;3.396;3.396
18-feb-04;3.414;3.432
17-feb-04;3.428;3.41
16-feb-04;3.378;3.39
13-feb-04;3.392;3.414
12-feb-04;3.412;3.404
11-feb-04;3.376;3.2
10-feb-04;3.204;3.192
09-feb-04;3.19;3.178
06-feb-04;3.17;3.176
05-feb-04;3.162;3.134
04-feb-04;3.12;3.1
03-feb-04;3.102;3.086
02-feb-04;3.078;3.14
30-ene-04;3.132;3.218
29-ene-04;3.192;3.14
28-ene-04;3.144;3.104
27-ene-04;3.122;3.13
26-ene-04;3.122;3.14
23-ene-04;3.12;3.14
22-ene-04;3.134;3.196
21-ene-04;3.19;3.188
20-ene-04;3.18;3.204
19-ene-04;3.2;3.2
16-ene-04;3.192;3.2
15-ene-04;3.184;3.21
14-ene-04;3.2;3.172
13-ene-04;3.174;3.218
12-ene-04;3.206;3.17
09-ene-04;3.168;3.21
08-ene-04;3.186;3.196
07-ene-04;3.18;3.226
05-ene-04;3.23;3.26
02-ene-04;3.242;3.252
30-dic-03;3.22;3.24
29-dic-03;3.236;3.17
23-dic-03;3.15;3.116
22-dic-03;3.1;3.11
19-dic-03;3.12;3.144
18-dic-03;3.126;3.116
17-dic-03;3.12;3.184
16-dic-03;3.17;3.188
15-dic-03;3.196;3.24
12-dic-03;3.206;3.34
11-dic-03;3.578;3.636
10-dic-03;3.616;3.618
09-dic-03;3.62;3.658
05-dic-03;3.658;3.692
04-dic-03;3.67;3.688
03-dic-03;3.696;3.748
02-dic-03;3.734;3.708
01-dic-03;3.666;3.72
28-nov-03;3.706;3.77
27-nov-03;3.758;3.832
26-nov-03;3.818;3.816
25-nov-03;3.8;3.816
24-nov-03;3.796;3.774
21-nov-03;3.77;3.754
20-nov-03;3.77;3.8
19-nov-03;3.78;3.7
18-nov-03;3.748;3.81
17-nov-03;3.788;3.858
14-nov-03;3.89;3.86
13-nov-03;3.842;3.876
12-nov-03;3.844;3.76
11-nov-03;3.756;3.758
10-nov-03;3.74;3.728
07-nov-03;3.722;3.664
06-nov-03;3.644;3.688
05-nov-03;3.714;3.49
04-nov-03;3.544;3.618
03-nov-03;3.596;3.564
31-oct-03;3.554;3.59
30-oct-03;3.576;3.59
29-oct-03;3.584;3.64
28-oct-03;3.61;3.602
27-oct-03;3.596;3.614
24-oct-03;3.606;3.624
23-oct-03;3.618;3.63
22-oct-03;3.642;3.774
21-oct-03;3.762;3.66
20-oct-03;3.652;3.688
17-oct-03;3.664;3.752
16-oct-03;3.726;3.728
15-oct-03;3.724;3.756
14-oct-03;3.746;3.814
13-oct-03;3.788;3.718
10-oct-03;3.696;3.644
09-oct-03;3.632;3.68
08-oct-03;3.664;3.672
07-oct-03;3.66;3.696
06-oct-03;3.66;3.696
03-oct-03;3.686;3.68
02-oct-03;3.658;3.77
01-oct-03;3.688;3.698
30-sep-03;3.68;3.68
29-sep-03;3.69;3.762
26-sep-03;3.76;3.87
25-sep-03;3.858;3.86
24-sep-03;3.89;3.88
23-sep-03;3.844;3.91
22-sep-03;3.896;3.98
19-sep-03;3.984;3.912
18-sep-03;4.57;4.484
17-sep-03;4.47;4.482
16-sep-03;4.452;4.404
15-sep-03;4.424;4.43
12-sep-03;4.406;4.44
11-sep-03;4.428;4.434
10-sep-03;4.424;4.518
09-sep-03;4.492;4.546
08-sep-03;4.58;4.442
05-sep-03;4.436;4.536
04-sep-03;4.522;4.77
03-sep-03;4.8;4.698
02-sep-03;4.732;4.614
01-sep-03;4.65;4.554
29-ago-03;4.53;4.612
28-ago-03;4.62;4.604
27-ago-03;4.65;4.59
26-ago-03;4.6;4.6
25-ago-03;4.568;4.592
22-ago-03;4.6;4.594
21-ago-03;4.6;4.502
20-ago-03;4.53;4.452
19-ago-03;4.47;4.52
18-ago-03;4.486;4.48
14-ago-03;4.452;4.488
13-ago-03;4.46;4.51
12-ago-03;4.482;4.474
11-ago-03;4.444;4.398
08-ago-03;4.398;4.48
07-ago-03;4.42;4.538
06-ago-03;4.502;4.464
05-ago-03;4.508;4.46
04-ago-03;4.538;4.478
01-ago-03;4.482;4.502
31-jul-03;4.544;4.588
30-jul-03;4.572;4.438
29-jul-03;4.444;4.362
28-jul-03;4.38;4.37
25-jul-03;4.396;4.322
24-jul-03;4.364;4.336
23-jul-03;4.33;4.318
22-jul-03;4.32;4.33
21-jul-03;4.33;4.36
18-jul-03;4.34;4.306
17-jul-03;4.33;4.28
16-jul-03;4.29;4.352
15-jul-03;4.344;4.39
14-jul-03;4.39;4.4
11-jul-03;4.39;4.314
10-jul-03;4.35;4.41
09-jul-03;4.4;4.364
08-jul-03;4.4;4.4
07-jul-03;4.4;4.374
04-jul-03;4.354;4.316
03-jul-03;4.306;4.364
02-jul-03;4.38;4.382
01-jul-03;4.32;4.358
30-jun-03;4.38;4.386
27-jun-03;4.398;4.27
26-jun-03;4.232;4.208
25-jun-03;4.18;4.208
24-jun-03;4.184;4.196
23-jun-03;4.164;4.204
20-jun-03;4.29;4.182
19-jun-03;4.152;4.272
18-jun-03;4.26;4.25
17-jun-03;4.282;4.27
16-jun-03;4.26;4.136
13-jun-03;4.182;4.05
12-jun-03;3.96;3.896
11-jun-03;3.806;3.842
10-jun-03;3.842;3.86
09-jun-03;3.86;3.906
06-jun-03;3.916;3.88
05-jun-03;3.862;3.856
04-jun-03;3.856;3.814
03-jun-03;3.82;3.832
02-jun-03;3.83;3.84
30-may-03;3.83;3.796
29-may-03;3.8;3.78
28-may-03;3.78;3.758
27-may-03;3.744;3.69
26-may-03;3.702;3.738
23-may-03;3.72;3.74
22-may-03;3.74;3.64
21-may-03;3.636;3.62
20-may-03;3.644;3.612
19-may-03;3.62;3.688
16-may-03;3.704;3.584
15-may-03;3.584;3.58
14-may-03;3.58;3.524
13-may-03;3.492;3.42
12-may-03;3.384;3.416
09-may-03;3.39;3.452
08-may-03;3.45;3.492
07-may-03;3.472;3.514
06-may-03;3.51;3.606
05-may-03;3.606;3.53
02-may-03;3.526;3.594
30-abr-03;3.572;3.6
29-abr-03;3.574;3.598
28-abr-03;3.596;3.56
25-abr-03;3.544;3.55
24-abr-03;3.556;3.49
23-abr-03;3.476;3.444
22-abr-03;3.42;3.41
17-abr-03;3.41;3.43
16-abr-03;3.408;3.516
15-abr-03;3.51;3.536
14-abr-03;3.526;3.546
11-abr-03;3.54;3.516
10-abr-03;3.502;3.55
09-abr-03;3.57;3.462
08-abr-03;3.496;3.564
07-abr-03;3.56;3.608
04-abr-03;3.596;3.62
03-abr-03;3.606;3.64
02-abr-03;3.66;3.684
01-abr-03;3.656;3.592
31-mar-03;3.558;3.71
28-mar-03;3.732;3.758
27-mar-03;3.73;3.73
26-mar-03;3.738;3.668
25-mar-03;3.63;3.542
24-mar-03;3.564;3.7
21-mar-03;3.68;3.698
20-mar-03;4.58;4.602
19-mar-03;4.61;4.63
18-mar-03;4.618;4.496
17-mar-03;4.5;4.362
14-mar-03;4.37;4.36
13-mar-03;4.332;4.358
12-mar-03;4.278;4.382
11-mar-03;4.39;4.38
10-mar-03;4.39;4.442
07-mar-03;4.438;4.502
06-mar-03;4.56;4.654
05-mar-03;4.654;4.47
04-mar-03;4.43;4.482
03-mar-03;4.536;4.474
28-feb-03;4.48;4.568
27-feb-03;4.59;4.526
26-feb-03;4.51;4.334
25-feb-03;4.32;4.35
24-feb-03;4.342;4.394
21-feb-03;4.388;4.4
20-feb-03;4.43;4.498
19-feb-03;4.48;4.53
18-feb-03;4.51;4.45
17-feb-03;4.482;4.414
14-feb-03;4.424;4.348
13-feb-03;4.31;4.364
12-feb-03;4.408;4.402
11-feb-03;4.41;4.342
10-feb-03;4.36;4.408
07-feb-03;4.442;4.354
06-feb-03;4.39;4.39
05-feb-03;4.41;4.372
04-feb-03;4.388;4.45
03-feb-03;4.5;4.424
31-ene-03;4.436;4.46
30-ene-03;4.51;4.36
29-ene-03;4.344;4.316
28-ene-03;4.264;4.38
27-ene-03;4.27;4.37
24-ene-03;4.4;4.388
23-ene-03;4.352;4.426
22-ene-03;4.434;4.4
21-ene-03;4.374;4.48
20-ene-03;4.428;4.418
17-ene-03;4.418;4.498
16-ene-03;4.48;4.43
15-ene-03;4.432;4.52
14-ene-03;4.5;4.436
13-ene-03;4.39;4.406
10-ene-03;4.408;4.386
09-ene-03;4.398;4.254
08-ene-03;4.28;4.436
07-ene-03;4.436;4.42
03-ene-03;4.43;4.47
02-ene-03;4.48;4.482
30-dic-02;4.502;4.446
27-dic-02;4.47;4.454
23-dic-02;4.566;4.402
20-dic-02;4.408;4.516
19-dic-02;4.466;4.582
18-dic-02;4.616;4.63
17-dic-02;4.588;4.74
16-dic-02;4.72;4.6
13-dic-02;4.708;4.812
12-dic-02;4.826;4.76
11-dic-02;4.72;4.688
10-dic-02;4.64;4.766
09-dic-02;4.798;4.524
05-dic-02;4.752;4.76
04-dic-02;4.758;4.8
03-dic-02;4.8;4.978
02-dic-02;5;4.82
29-nov-02;4.898;4.838
28-nov-02;4.85;4.768
27-nov-02;4.8;4.58
26-nov-02;4.588;4.576
25-nov-02;4.592;4.546
22-nov-02;4.584;4.546
21-nov-02;4.54;4.52
20-nov-02;4.536;4.508
19-nov-02;4.54;4.504
18-nov-02;4.55;4.448
15-nov-02;4.49;4.556
14-nov-02;4.556;4.506
13-nov-02;4.546;4.51
12-nov-02;4.54;4.57
11-nov-02;4.576;4.538
08-nov-02;4.534;4.406
07-nov-02;4.53;4.548
06-nov-02;4.556;4.54
05-nov-02;4.508;4.506
04-nov-02;4.56;4.616
31-oct-02;4.54;4.488
30-oct-02;4.5;4.44
29-oct-02;4.386;4.43
28-oct-02;4.418;4.478
25-oct-02;4.436;4.526
24-oct-02;4.596;4.554
23-oct-02;4.566;4.578
22-oct-02;4.558;4.482
21-oct-02;4.49;4.6
18-oct-02;4.648;4.624
17-oct-02;4.68;4.502
16-oct-02;4.482;4.522
15-oct-02;4.582;4.382
14-oct-02;4.37;4.416
11-oct-02;4.49;4.3
10-oct-02;4.3;4.2
09-oct-02;4.25;4.2
08-oct-02;4.178;4.09
07-oct-02;4.09;3.994
04-oct-02;4.09;3.984
03-oct-02;3.964;4.11
02-oct-02;4.11;4.098
01-oct-02;3.98;4.104
30-sep-02;4.1;4.048
27-sep-02;4.106;4.104
26-sep-02;4.08;4.228
25-sep-02;4.17;4.12
24-sep-02;4.2;4.2
23-sep-02;4.2;4.21
20-sep-02;4.28;4.076
19-sep-02;4.02;4.022
18-sep-02;4.052;4.062
17-sep-02;4.094;4.098
16-sep-02;4.062;3.822
13-sep-02;3.878;3.832
12-sep-02;3.832;3.96
11-sep-02;3.97;3.964
10-sep-02;3.976;3.8
09-sep-02;3.8;3.74
06-sep-02;3.73;3.746
05-sep-02;3.768;3.836
04-sep-02;3.802;3.86
03-sep-02;3.86;3.95
02-sep-02;3.95;3.884
30-ago-02;3.98;3.762
29-ago-02;3.772;3.836
28-ago-02;3.8;3.836
27-ago-02;3.818;3.89
26-ago-02;3.842;3.928
23-ago-02;3.93;4.168
22-ago-02;4.142;3.83
21-ago-02;3.98;3.82
20-ago-02;3.8;3.8
19-ago-02;3.814;3.876
16-ago-02;3.9;3.79
14-ago-02;3.708;3.558
13-ago-02;3.61;3.56
12-ago-02;3.58;3.65
09-ago-02;3.68;3.96
08-ago-02;3.98;3.834
07-ago-02;3.9;3.82
06-ago-02;3.8;3.496
05-ago-02;3.528;3.65
02-ago-02;3.72;3.844
01-ago-02;3.9;4.036
31-jul-02;4;3.842
30-jul-02;3.842;4.03
29-jul-02;4.03;3.696
26-jul-02;3.696;3.742
25-jul-02;3.764;3.854
24-jul-02;3.722;3.84
23-jul-02;3.84;3.902
22-jul-02;3.902;4.1
19-jul-02;4.1;4.22
18-jul-02;4.22;4.076
17-jul-02;4.076;3.964
16-jul-02;3.964;4.02
15-jul-02;3.918;4.132
12-jul-02;4.1;4.15
11-jul-02;4.09;4.26
10-jul-02;4.26;4.2
09-jul-02;4.32;4.496
08-jul-02;4.45;4.4
05-jul-02;4.4;4.394
04-jul-02;4.332;4.35
03-jul-02;4.3;4.292
02-jul-02;4.32;4.26
01-jul-02;4.32;4.25
28-jun-02;4.276;4.15
27-jun-02;4.194;4.28
26-jun-02;4.27;4.17
25-jun-02;4.23;4.2
24-jun-02;4.218;4.296
21-jun-02;4.262;4.262
20-jun-02;4.272;4.36
19-jun-02;4.4;4.41
18-jun-02;4.42;4.5
17-jun-02;4.44;4.496
14-jun-02;4.496;4.514
13-jun-02;4.482;4.536
12-jun-02;4.482;4.49
11-jun-02;4.528;4.44
10-jun-02;4.44;4.446
07-jun-02;4.388;4.34
06-jun-02;4.37;4.284
05-jun-02;4.28;4.276
04-jun-02;4.234;4.278
03-jun-02;4.286;4.406
31-may-02;4.438;4.276
30-may-02;4.302;4.352
29-may-02;4.366;4.28
28-may-02;4.262;4.31
27-may-02;4.314;4.334
24-may-02;4.346;4.308
23-may-02;4.28;4.312
22-may-02;4.31;4.334
21-may-02;4.37;4.306
20-may-02;4.308;4.374
17-may-02;4.4;4.392
16-may-02;4.37;4.39
15-may-02;4.394;4.472
14-may-02;4.472;4.45
13-may-02;4.45;4.35
10-may-02;4.38;4.42
09-may-02;4.4;4.418
08-may-02;4.4;4.452
07-may-02;4.434;4.46
06-may-02;4.55;4.55
03-may-02;4.54;4.464
02-may-02;4.454;4.514
30-abr-02;4.578;4.506
29-abr-02;4.49;4.536
26-abr-02;4.514;4.59
25-abr-02;4.56;4.59
24-abr-02;4.59;4.57
23-abr-02;4.564;4.462
22-abr-02;4.444;4.43
19-abr-02;4.392;4.382
18-abr-02;4.418;4.414
17-abr-02;4.402;4.49
16-abr-02;4.5;4.378
15-abr-02;4.36;4.36
12-abr-02;4.35;4.22
11-abr-02;4.232;4.312
10-abr-02;4.286;4.272
09-abr-02;4.28;4.252
08-abr-02;4.23;4.298
05-abr-02;4.27;4.362
04-abr-02;4.358;4.364
03-abr-02;4.34;4.36
02-abr-02;4.398;4.33
28-mar-02;4.31;4.272
27-mar-02;4.32;4.316
26-mar-02;4.28;4.302
25-mar-02;4.3;4.406
22-mar-02;4.39;4.548
21-mar-02;4.444;4.54
20-mar-02;4.534;4.538
19-mar-02;4.506;4.578
18-mar-02;4.582;4.532
15-mar-02;4.57;4.454
14-mar-02;4.454;4.4
13-mar-02;4.386;4.4
12-mar-02;4.43;4.494
11-mar-02;4.538;4.566
08-mar-02;4.564;4.49
07-mar-02;4.44;4.5
06-mar-02;4.46;4.43
05-mar-02;4.51;4.53
04-mar-02;4.6;4.57
01-mar-02;4.6;4.554
28-feb-02;4.532;4.51
27-feb-02;4.6;4.39
26-feb-02;4.4;4.5
25-feb-02;4.478;4.364
22-feb-02;4.4;4.392
21-feb-02;4.412;4.396
20-feb-02;4.352;4.406
19-feb-02;4.4;4.46
18-feb-02;4.448;4.442
15-feb-02;4.496;4.38
14-feb-02;4.42;4.278
13-feb-02;4.248;4.3
12-feb-02;4.298;4.358
11-feb-02;4.32;4.366
08-feb-02;4.32;4.394
07-feb-02;4.438;4.316
06-feb-02;4.302;4.44
05-feb-02;4.44;4.442
04-feb-02;4.484;4.57
01-feb-02;4.598;4.51
31-ene-02;4.426;4.37
30-ene-02;4.334;4.398
29-ene-02;4.4;4.49
28-ene-02;4.5;4.508
25-ene-02;4.51;4.502
24-ene-02;4.564;4.418
23-ene-02;4.42;4.3
22-ene-02;4.32;4.32
21-ene-02;4.32;4.302
18-ene-02;4.34;4.3
17-ene-02;4.32;4.302
16-ene-02;4.3;4.27
15-ene-02;4.23;4.316
14-ene-02;4.332;4.38
11-ene-02;4.36;4.488
10-ene-02;4.49;4.44
09-ene-02;4.5;4.56
08-ene-02;4.596;4.402
07-ene-02;4.44;4.474
04-ene-02;4.5;4.476
03-ene-02;4.5;4.39
02-ene-02;4.34;4.42
28-dic-01;4.282;4.28
27-dic-01;4.3;4.28
21-dic-01;4.3;4.28
20-dic-01;4.3;4.34
19-dic-01;4.38;4.41
18-dic-01;4.4;4.39
17-dic-01;4.4;4.34
14-dic-01;4.2;4.132
13-dic-01;4.1;4.334
12-dic-01;4.312;4.55
11-dic-01;4.52;4.542
10-dic-01;4.59;4.65
07-dic-01;4.706;4.76
05-dic-01;4.79;4.61
04-dic-01;4.566;4.43
03-dic-01;4.5;4.298
30-nov-01;4.308;4.22
29-nov-01;4.12;4.1
28-nov-01;4.13;4.354
27-nov-01;4.26;4.394
26-nov-01;4.4;4.246
23-nov-01;4.18;4.258
22-nov-01;4.26;4.25
21-nov-01;4.16;4.196
20-nov-01;4.22;4.2
19-nov-01;4.2;4.108
16-nov-01;4.06;4.104
15-nov-01;4.1;4.08
14-nov-01;4.078;4
13-nov-01;4.02;3.988
12-nov-01;3.924;3.946
09-nov-01;3.97;3.952
08-nov-01;4;4.01
07-nov-01;4.1;3.94
06-nov-01;3.958;3.922
05-nov-01;3.92;3.88
02-nov-01;3.868;3.924
01-nov-01;3.9;4.136
31-oct-01;4.14;3.872
30-oct-01;3.862;4
29-oct-01;4;4.1
26-oct-01;4.1;3.912
25-oct-01;3.988;3.93
24-oct-01;3.922;3.826
23-oct-01;3.89;3.838
22-oct-01;3.882;3.8
19-oct-01;3.78;3.856
18-oct-01;3.858;3.624
17-oct-01;3.796;3.622
16-oct-01;3.614;3.61
15-oct-01;3.614;3.662
11-oct-01;3.72;3.704
10-oct-01;3.74;3.732
09-oct-01;3.686;3.502
08-oct-01;3.55;3.502
05-oct-01;3.59;3.558
04-oct-01;3.6;3.52
03-oct-01;3.5;3.606
02-oct-01;3.624;3.682
01-oct-01;3.72;3.63
28-sep-01;3.7;3.562
27-sep-01;3.61;3.7
26-sep-01;3.762;3.59
25-sep-01;3.596;3.464
24-sep-01;3.436;3.12
21-sep-01;3.06;3.348
20-sep-01;3.348;3.344
19-sep-01;3.33;3.25
18-sep-01;3.3;3.32
17-sep-01;3.34;3.34
14-sep-01;3.39;3.398
13-sep-01;3.39;3.398
12-sep-01;3.38;3.06
11-sep-01;3.3;3.74
10-sep-01;3.68;3.7
07-sep-01;3.702;3.72
06-sep-01;3.72;3.82
05-sep-01;3.78;3.82
04-sep-01;3.82;3.78
03-sep-01;3.788;3.804
31-ago-01;3.85;3.76
30-ago-01;3.76;3.858
29-ago-01;3.86;3.85
28-ago-01;3.896;3.9
27-ago-01;3.862;3.842
24-ago-01;3.9;3.824
23-ago-01;3.86;3.834
22-ago-01;3.86;3.828
21-ago-01;3.812;3.846
20-ago-01;3.822;3.862
17-ago-01;3.938;3.8
16-ago-01;3.83;3.802
14-ago-01;3.802;3.796
13-ago-01;3.796;3.8
10-ago-01;3.78;3.788
09-ago-01;3.79;3.806
08-ago-01;3.828;3.822
07-ago-01;3.84;3.802
06-ago-01;3.838;3.782
03-ago-01;3.836;3.746
02-ago-01;3.77;3.688
01-ago-01;3.7;3.61
31-jul-01;3.676;3.616
30-jul-01;3.616;3.58
27-jul-01;3.58;3.602
26-jul-01;3.6;3.61
25-jul-01;3.6;3.622
24-jul-01;3.612;3.602
23-jul-01;3.602;3.604
20-jul-01;3.61;3.6
19-jul-01;3.61;3.6
18-jul-01;3.602;3.61
17-jul-01;3.63;3.602
16-jul-01;3.62;3.618
13-jul-01;3.66;3.682
12-jul-01;3.7;3.702
11-jul-01;3.686;3.738
10-jul-01;3.742;3.796
09-jul-01;3.77;3.7
06-jul-01;3.7;3.76
05-jul-01;3.73;3.796
04-jul-01;3.796;3.82
03-jul-01;3.82;3.772
02-jul-01;3.82;3.758
29-jun-01;3.77;3.7
28-jun-01;3.694;3.698
27-jun-01;3.702;3.74
26-jun-01;3.758;3.75
25-jun-01;3.79;3.7
22-jun-01;3.746;3.682
21-jun-01;3.708;3.612
20-jun-01;3.602;3.606
19-jun-01;3.62;3.58
18-jun-01;3.596;3.58
15-jun-01;3.6;3.64
14-jun-01;3.646;3.77
13-jun-01;3.76;3.762
12-jun-01;3.768;3.73
11-jun-01;3.74;3.74
08-jun-01;3.72;3.8
07-jun-01;3.8;3.85
06-jun-01;3.83;3.846
05-jun-01;3.822;3.802
04-jun-01;3.8;3.642
01-jun-01;3.66;3.664
31-may-01;3.67;3.62
30-may-01;3.62;3.606
29-may-01;3.614;3.562
28-may-01;3.58;3.56
25-may-01;3.602;3.6
24-may-01;3.608;3.6
23-may-01;3.6;3.704
